headline,link,content,publish_date,sentimen
Pupuk Indonesia berharap ada penyederhanaan penagihan pupuk subsidi,https://www.antaranews.com/berita/4203009/pupuk-indonesia-berharap-ada-penyederhanaan-penagihan-pupuk-subsidi,"Jakarta (ANTARA) - PT Pupuk Indonesia (Persero) berharap adanya penyederhanaan proses penagihan pupuk subsidi demi mengurangi beban bunga yang timbul akibat keterlambatan pembayaran tagihan.""Karenaoverly regulatedini, banyak sekaliregulated cost, misalnya dari sisi rumitnya penagihan pupuk subsidi. Itu mengakibatkan biaya bunga yang tidak kecil,"" kata Direktur Utama PT Pupuk Indonesia Rahmad Pribadi di sela Focus Group Discussion (FGD) 'Membangun Sistem Kebijakan Pupuk Subsidi yang Lebih Adaptif dan Efektif Demi Menjaga Ketahanan Pangan Nasional' yang digelar di Jakarta, Rabu.Rahmad menjelaskan bahwa kondisioverly regulateddalam regulasi pupuk subsidi mengakibatkan biaya yang signifikan, terutama terkait dengan proses rumit dalam penagihan tagihan.Menurut dia, biaya bunga yang tidak kecil telah menjadi dampak langsung dari ketidakmudahan dalam proses tersebut.Menurut Rahmad, proses distribusi pupuk subsidi dari awal penyaluran hingga surat perintah pencairan dana bisa memakan waktu hingga lima bulan. Hal ini mengakibatkan biaya bunga yang mencapai triliunan rupiah per tahun.""Maka dari proses pertama penyaluran hingga terbitnya surat perintah pencairan dana itu kira-kira lima bulan, kita sudah hitung dari sisi ini saja, bunganya itu triliunan per tahun,"" tuturnya.Rahmad menegaskan bahwa penyederhanaan proses penagihan akan membawa manfaat signifikan, terutama dalam menghemat uang negara secara keseluruhan.""Kalau ini bisa disederhanakan tentu ini akan menghemat uang negara,"" jelas Rahmad.Baca juga:Pupuk Indonesia: 62 persen pupuk dorong produktivitas pertanianBaca juga:Pakar tekankan pendataan akurat dalam skema bantuan langsung petaniSebelumnya, PT Pupuk Indonesia (Persero) merancang 13 usulan terkait kebijakan pupuk subsidi dari hulu hingga hilir bagi pemerintahan baru, sehingga bisa lebih efektif ke depannya dalam meningkatkan produktivitas pertanian Indonesia menuju swasembada pangan.Sebanyak 13 usulan Pupuk Indonesia untuk perbaikan kebijakan pupuk bersubsidi dari produksi hingga penagihan, yakni pertama penegasan tujuan dan sasaran subsidi pupuk, kedua pemutakhiran data kebutuhan pupuk secara berkelanjutan.Ketiga, penganggaran berbasis kebutuhan; keempat penggunaan harga indeks pasar untuk pembentukan nilai subsidi; kelima alokasi individu oleh KPA, bukan pemerintah kabupaten/kota; keenam jaminan pasokan gas untuk produksi pupuk demi ketahanan pangan; ketujuh kebijakan harga gas bumi tertentu (HGBT) jangka panjang untuk produksi pupuk.Kedelapan, BUMN pupuk menjamin pasokan kebutuhan pupuk bersubsidi nasional, penentuan stok nasional, izin ekspor dipermudah; kesembilan skema penyaluran melalui distributor/kios atau langsung ke petani; ke-10 pengaturan gudang yang dinamis dan efisien.Ke-11 yakni audit HPP per tiga bulan, audit per tahun, audit kebutuhan pupuk per tiga tahun; ke-12 pembayaran piutang subsidi paling lambat satu tahun anggaran; dan ke-13 digitalisasi integrasi.""Kami melakukan transformasi pupuk subsidi mumpung akan ada pemerintahan baru, di mana pemerintah yang sekarang juga sangat fokus dan pemerintah yang akan datang juga akan fokus dengan ketahanan pangan,"" kata Rahmad.Pemerintah telah menetapkan alokasi subsidi pupuk secara nasional naik menjadi 9,55 juta ton atau meningkat dua kali lipat dari yang sebelumnya 4,7 juta ton di tahun 2024.Penambahan alokasi subsidi pupuk ini tertuang pada Keputusan Menteri Pertanian (Kepmentan) Nomor 249 Tahun 2024 dan Peraturan Menteri Pertanian (Permentan) Nomor 01 Tahun 2024 tentang Perubahan atas Permentan Nomor 10 Tahun 2022.Baca juga:Pupuk Indonesia usul 13 perbaikan kebijakan pupuk subsidi hulu-hilirBaca juga:Pemerintah: Subsidi pupuk organik antisipasi dampak perubahan iklimPewarta: Muhammad HariantoEditor: Riza MulyadiCopyright © ANTARA 2024",2024-07-17,netral
Pupuk Indonesia usul 13 perbaikan kebijakan pupuk subsidi hulu-hilir,https://www.antaranews.com/berita/4202961/pupuk-indonesia-usul-13-perbaikan-kebijakan-pupuk-subsidi-hulu-hilir,"Jakarta (ANTARA) - PT Pupuk Indonesia (Persero) merancang 13 usulan terkait kebijakan pupuk subsidi dari hulu hingga hilir bagi pemerintahan baru, sehingga bisa lebih efektif ke depannya dalam meningkatkan produktivitas pertanian Indonesia menuju swasembada pangan.""Beberapa usulan kami terhadap perbaikan kebijakan pupuk bersubsidi. Mulai dari perencanaan bahan baku produksi, distribusi, dan penagihan,"" kata Direktur Utama PT Pupuk Indonesia Rahmad Pribadi di sela Focus Group Discussion (FGD) 'Membangun Sistem Kebijakan Pupuk Subsidi yang Lebih Adaptif dan Efektif Demi Menjaga Ketahanan Pangan Nasional yang digelar di Jakarta, Rabu.Sebanyak 13 usulan Pupuk Indonesia untuk perbaikan kebijakan pupuk bersubsidi dari produksi hingga penagihan, yakni pertama penegasan tujuan dan sasaran subsidi pupuk, kedua pemutakhiran data kebutuhan pupuk secara berkelanjutan.Ketiga, penganggaran berbasis kebutuhan; keempat penggunaan harga indeks pasar untuk pembentukan nilai subsidi; kelima alokasi individu oleh KPA, bukan pemerintah kabupaten/kota; keenam jaminan pasokan gas untuk produksi pupuk demi ketahanan pangan; ketujuh kebijakan harga gas bumi tertentu (HGBT) jangka panjang untuk produksi pupuk.Kedelapan, BUMN pupuk menjamin pasokan kebutuhan pupuk bersubsidi nasional, penentuan stok nasional, izin ekspor dipermudah; kesembilan skema penyaluran melalui distributor/kios atau langsung ke petani; ke-10 pengaturan gudang yang dinamis dan efisien.Ke-11, yakni audit HPP per tiga bulan, audit per tahun, audit kebutuhan pupuk per tiga tahun; ke-12 pembayaran piutang subsidi paling lambat satu tahun anggaran; dan ke-13 digitalisasi integrasi.""Kami melakukan transformasi pupuk subsidi mumpung akan ada pemerintahan baru dimana pemerintah yang sekarang juga sangat fokus dan pemerintah yang akan datang juga akan fokus dengan ketahanan pangan,"" ujarnya.Rahmad mencontohkan perlunya kebijakan harga gas bumi tertentu (HGBT) jangka panjang untuk produksi pupuk.Dia bercerita pada tahun sebelumnya, Pupuk Iskandar Muda diminta oleh Kementerian Pertanian untuk menyediakan dan menyalurkan pupuk subsidi di wilayah Aceh, Sumatera Utara dan Sumatera Barat.Untuk memproduksi pupuk yang diminta, membutuhkan bahan baku. Dimana bahan baku ditentukan melalui Keputusan Menteri ESDM. Namun, pada saat diperlukan produsen tersebut di dalam Kepmen itu tidak bisa memproduksi.Rahmad mengaku bahwa saat itu pihaknya sebenarnya bisa saja menyuplai dari Pupuk Kaltim atau yang lainnya, hanya saja tidak bisa karena rayonisasi yang diatur oleh Peraturan Menteri Perdagangan.Pada akhirnya pihaknya mencari gas di harga komersial untuk memproduksi pupuk subsidi.Tetapi hal itu justru menjadi persoalan karena ternyata pada saat menagih gas yang digunakan tidak boleh dari harga komersial.""Menurut saya sangat kompleks. Jadi, saya sangat mendukung pemerintah yang sekarang terus menerus untuk melakukan kebijakan pembaharuan pupuk subsidi,"" kata Rahmad.Baca juga:Pupuk Indonesia digitalisasi produksi-distribusi demi layanan efisienBaca juga:Pupuk Indonesia dukung pengembangan lahan pertanian di MeraukeBaca juga:Pupuk Indonesia gandeng Bulog memperkuat kerja sama program MakmurPewarta: Muhammad HariantoEditor: Biqwanto SitumorangCopyright © ANTARA 2024",2024-07-17,netral
Johanis Tanak merasa terpanggil kembali daftar Capim KPK,https://www.antaranews.com/berita/4202832/johanis-tanak-merasa-terpanggil-kembali-daftar-capim-kpk,"Makassar (ANTARA) - Pimpinan Komisi Pemberantasan Korupsi (KPK) Johanis Tanak menyatakan merasa terpanggil kembali untuk maju mendaftar dalam proses seleksi Calon Pimpinan (Capim) dan Dewan Pengawas lembaga anti rasuah itu.""Pertama, saya mendaftar. Kalau mendaftar itu adalah hak yang diberikan negara, ini melalui Pansel untuk mendaftarkan diri siapa saja yang berkeinginan berjiwa semangat memberantas korupsi,"" ujar Johanis di Makassar, Sulawesi Selatan, Rabu.Menurutnya, Panitia Seleksi tentu membuka peluang sebesar-besarnya bagi siapa pun yang memiliki integritas termasuk dirinya mendaftar sebagai calon pimpinan KPK maupun calon Dewan Pengawas KPK.""Saya sendiri sebagai salah satu pimpinan KPK berlatar belakang selaku penegak hukum dari kejaksaan. Tentunya saya merasa terpanggil untuk kemudian bagaimana mengupayakan agar negara ini bebas dari korupsi,"" paparnya menegaskan saat Rakorda APIP di Ruang Pola Kantor Gubernur Sulsel.Sebab, indeks persepsi korupsi itu semakin meningkat. Dengan meningkatnya indeks persepsi korupsi maka tentunya korupsi di Indonesia semakin kecil. Menurunnya indeks persepsi korupsi, ungkap dia, berarti menunjukkan bahwa korupsi di negeri ini sangat besar.Dari hasil penelitian salah satu lembaga anti korupsi internasional di Indonesia, bahwa indeks persepsi korupsi di Indonesia adalah nilainya 34. Artinya, kata dia, ini memberikan gambaran bahwa korupsi di Indonesia masih besar.""Memberantas korupsi bukan merupakan pekerjaan yang mudah, dan pemberantasan korupsi menurut Undang-undang tentang Pemberantasan Tindak Pidana Korupsi bukan hanya dilakukan oleh aparat penegak hukum, tapi semua masyarakat diikutkan untuk memberantas korupsi,"" tuturnya.Caranya, melaporkan setiap dugaan perbuatan tindak pidana korupsi kepada aparat penegak hukum seperti kepolisian, kejaksaan dan KPK. Dan setiap laporan oleh masyarakat menurut undang-undang akan dirahasiakan siapa pelapornya. Sebab itu adalah jaminan yang diberikan oleh negara.Harapannya, keterlibatan masyarakat dalam upaya pemberantasan korupsi itu senantiasa dijamin oleh negara melalui undang-undang pemberantasan tindak pidana korupsi.""Dan kami dari lembaga KPK juga menjamin bahwa setiap pelaporan masyarakat terkait dugaan tindak pidana korupsi, pelapornya akan kami beri perlindungan sampai kapan pun mulai tahap penyidikan penuntutan hingga pengadilan,"" katanya.""Nama pelapor tetap dijamin dan tidak akan dipublish sehingga pelaku tidak mengetahui siapa pelapornya. Yang namanya pemeriksaan penyidikan penyelidikan itu masih bersifat rahasia,"" katanya lagi menekankan.Sebelumnya, data pendaftar seperti disampaikan Wakil Ketua Pansel KPK Arif Satria menyebut, jumlah pendaftar Capim dan Calon Dewas KPK telah mencapai 525 orang sejak dibuka 26 Juni 2024 sampai pada 15 Juli 202.Arif merinci, jumlah pendaftar Capim KPK sebanyak 318 orang, terdiri dari 298 orang laki-laki dan 20 orang perempuan. Sedangkan jumlah pendaftar calon Dewas sebanyak 207 orang terdiri dari 184 laki-laki dan 23 perempuan. Ada dua pimpinan KPK mendaftar yakni Johanis Tanak dan Nurul Gufron.Pewarta: M Darwin FatirEditor: Guido MerungCopyright © ANTARA 2024",2024-07-17,positif
HMS Center: Peran serta masyarakat tingkatkan indeks antikorupsi,https://www.antaranews.com/berita/4202712/hms-center-peran-serta-masyarakat-tingkatkan-indeks-antikorupsi,"Jakarta (ANTARA) - Ketua Umum Hidupkan Masyarakat Sejahtera (HMS) Center Hardjuno Wiwoho menilai peran serta masyarakat sangat krusial dalam upaya peningkatan indeks perilaku antikorupsi (IPAK).Adapun IPAK Indonesia tahun 2024 tercatat pada level 3,85 atau lebih rendah dibandingkan capaian tahun 2023 sebesar 3,92, yang menunjukkan masyarakat semakin permisif terhadap perilaku korupsi.""Masyarakat harus diberdayakan untuk turut serta dalam pengawasan terhadap perilaku koruptif,"" ujar Hardjuno dalam keterangan tertulis resmi di Jakarta, Rabu.Baca juga:Pemerintah diminta cegah kasus korupsi Vietnam menjalar ke IndonesiaPeningkatan peran serta masyarakat dalam meningkatkan IPAK, kata dia, bisa dilakukan melalui peningkatan kesadaran dan partisipasi masyarakat dalam melaporkan berbagai kasus korupsi, serta melindungi pelapor.Dirinya pun berpendapat sikap permisif masyarakat terhadap korupsi diakibatkan karena hilangnya keteladanan dari para elit dan pemimpin bangsa dalam pemberantasan korupsi, salah satunya dengan adanya beberapa pejabat yang tersangkut kasus korupsi belakangan ini.Untuk itu, Hardjuno menuturkan masyarakat harus dikembalikan kepercayaannya kepada institusi hukum, salah satunya melalui penegakan hukum secara serius dan permainan hukum yang harus dihentikan.“Itu semua bisa terjadi kalau dimulai dengan membebaskan semua institusi hukum dari intervensi politik,” ucap dia.Dia pun menekankan pentingnya penguatan institusi penegak hukum, salah satunya dengan memastikan bahwa lembaga penegak hukum seperti Komisi Pemberantasan Korupsi (KPK), Kejaksaan, dan Kepolisian, agar memiliki sumber daya yang cukup serta bebas dari intervensi politik.Ia meyakini korupsi di Indonesia akan bisa dikikis apabila penegakan hukum semakin adil, yang pada akhirnya juga akan berdampak besar pada upaya peningkatan IPAK.""Setiap proses pengambilan keputusan dan pengelolaan anggaran harus dilakukan secara transparan dan akuntabel. Hal ini akan mengurangi peluang terjadinya korupsi,"" ujarnya.Langkah selanjutnya yang bisa dilakukan dalam jangka panjang guna meningkatkan IPAK, kata dia, yaitu pembenahan dan peningkatan pendidikan antikorupsi di seluruh jenjang pendidikan.""Pasalnya, pendidikan antikorupsi harus menjadi bagian integral dari kurikulum di semua sekolah dan universitas,"" ujar Hardjuno.Baca juga:HMS Center ingatkan pemerintah perhatikan 3 pilar pembangunan nasionalBaca juga:Moeldoko: Stranas PK berhasil naikkan indeks persepsi antikorupsiPewarta: Agatha Olivia VictoriaEditor: Laode MasrafiCopyright © ANTARA 2024",2024-07-17,netral
Industri pembuatan kapal China melonjak pada H1 2024,https://www.antaranews.com/berita/4202481/industri-pembuatan-kapal-china-melonjak-pada-h1-2024,"Beijing (ANTARA) - Industri pembuatan kapal China mencatat pertumbuhan signifikan pada paruh pertama (H1) tahun ini, memperkuat posisinya sebagai pemimpin global, menurut data yang dirilis oleh Kementerian Perindustrian dan Teknologi Informasi China pada Selasa (16/7).Dari Januari hingga Juni, China telah menyelesaikan proyek pembuatan kapal dengan total output mencapai 25,02 juta tonase bobot mati (deadweight tonnes/dwt), naik 18,4 persen dibandingkan periode yang sama tahun lalu. Pesanan baru melonjak menjadi 54,22 juta dwt, mencerminkan pertumbuhan pesat sebesar 43,9 persen secara tahunan (year on year/yoy).Hingga akhir Juni, output daftar pesanan mencapai 171,55 juta dwt, naik 38,6 persen dari tahun sebelumnya.Data kementerian tersebut juga menunjukkan posisi dominan China di pasar pembuatan kapal global. Pada paruh pertama tahun ini, output penyelesaian pembuatan kapal, pesanan baru, dan daftar pesanan yang diukur dengan dwt masing-masing mencakup 55 persen, 74,7 persen, dan 58,9 persen dari total global.Pada 2023, tiga indikator pasar utama tersebut mencapai 50,2 persen, 66,6 persen, dan 55 persen.Meskipun prospek ekonomi global tidak menentu dan dampak proteksionisme perdagangan serta deglobalisasi terhadap industri pembuatan kapal, perekonomian China tetap tangguh, dan tren pemulihan dalam perdagangan maritim terus berlanjut, kata Cao Bo, wakil direktur departemen informasi statistik Asosiasi Industri Pembuatan Kapal Nasional China (China Association of the National Shipbuilding Industry/CANSI).""Pada Juni tahun ini, seiring industri pembuatan kapal terus pulih, indeks harga kapal baru naik menjadi 187,23 atau naik 9,5 persen (yoy), mencapai level tertinggi sejak September 2008,"" imbuh Cao.Menurut statistik CANSI, pendapatan bisnis utama perusahaan-perusahaan galangan kapal berskala besar China meningkat sebesar 31,5 persen (yoy) pada kuartal pertama tahun ini.Industri pelayaran merupakan pilar penting dalam pembangunan ekonomi global dan menjadi barometer kesehatan makroekonomi China. Tahun ini, beberapa pelabuhan China telah menunjukkan pertumbuhan yang berkelanjutan dalam hal throughput.Misalnya, dari bulan Januari hingga Juni, Pelabuhan Ningbo-Zhoushan, pelabuhan tersibuk di dunia dalam hal lalu lintas kargo, menangani 708 juta ton kargo, peningkatan sebesar 4,2 persen (yoy), dan 19,165 juta TEU (twenty-foot equivalent unit) kontainer, naik 8,4 persen. Pelabuhan Guangzhou diperkirakan telah memproses 12,206 juta TEU, yang mewakili pertumbuhan 6,3 persen.Wu Chungeng, kepala perencana di Kementerian Transportasi China, menggarisbawahi bahwa pada 2023, volume angkutan kargo jalur air China masih menjadi yang tertinggi di dunia dan terus tumbuh secara stabil pada paruh pertama tahun ini.""Angkutan maritim menangani sekitar 95 persen kargo perdagangan luar negeri China,"" ujar Wu dalam sebuah forum baru-baru ini. ""Volume pelayaran internasional China kini mencapai hampir sepertiga dari total global, yang semakin menegaskan perannya sebagai tumpuan dalam pelayaran internasional.""Pewarta: XinhuaEditor: Maria Rosari Dwi PutriCopyright © ANTARA 2024",2024-07-17,netral
Menteri PANRB dukung Sumut implementasikan birokrasi berdampak,https://www.antaranews.com/berita/4202463/menteri-panrb-dukung-sumut-implementasikan-birokrasi-berdampak,"Jakarta (ANTARA) - Menteri Pendayagunaan Aparatur Negara dan Reformasi Birokrasi (PANRB) Abdullah Azwar Anas mendorong Provinsi Sumatera Utara mengimplementasikan reformasi birokrasi berdampak.Hal ini sesuai arahan Presiden agar pelaksanaan birokrasi memiliki dampak terhadap pelayanan publik yang berjalan dengan baik.""Birokrasi ini merupakan mesin pembangunan. Harus dijaga akselerasinya agar berjalannya cepat dalam mencapai target pembangunan,” kata Anas dalam keterangannya di Jakarta, Rabu.Dia menilai agar dapat berdampak, birokrasi harus bergerak lincah yang bisa dilaksanakan dengan digitalisasi yang terintegrasi dan penyederhanaan proses bisnis.Selain itu, Anas mengatakan bahwa target-target pembangunan di Sumatera Utara dapat cepat tercapai jika dilakukan integrasi, digitalisasi, serta pengoperabilitasan proses bisnis serta layanan.Dengan adanya pemangkasan birokrasi yang bertumpuk, maka birokrasi bisa menghasilkan dampak yang nyata bagi masyarakat luas, khususnya di Sumatera Utara.“Birokrasi yang berdampak dapat menurunkan angka kemiskinan, meningkatkan investasi, dan menangani inflasi dengan baik yang dilaksanakan dengan digitalisasi yang efisien,” ujarnya.Dalam capaian reformasi birokrasi, dia mendorong agar jajaran pemerintah di lingkup Sumatera Utara dapat meningkatkan akuntabilitas kinerjanya.Berdasarkan hasil evaluasi tahun 2023, Sumatera Utara mendapat predikat BB untuk nilai Indeks Reformasi Birokrasi dan predikat B untuk nilai Sistem Akuntabilitas Kinerja Instansi Pemerintah (SAKIP).Baca juga:Kementerian PANRB tetapkan usulan Zona Integritas 2024 dimulai 18 Juli“Perlu kerja keras dari seluruh jajaran pemerintah di lingkup Sumatera Utara agar akuntabilitas kinerja ini semakin berdampak. Semoga ke depannya ini dapat terus diperbaiki,” jelas Anas.Pelayanan publik yang terintegrasi juga akan memberikan dampak positif, salah satunya melalui mal pelayanan publik (MPP).Hingga pertengahan 2024, Sumatera Utara baru memiliki lima MPP, yakni di Kota Tebing Tinggi, Kab. Asahan, Kab. Humbang Hasundutan, Kota Medan, dan Kab. Labuhan Batu Utara.Anas berharap MPP dapat hadir dengan cepat di daerah lainnya di Sumatera Utara, bukan hanya sekadar gedung MPP, namun juga MPP Digital.Selain itu, Anas juga menyampaikan tiga strategi untuk pengembangan SDM aparatur.Pertama, komposisi tim yang harmonis antara ASN senior dan junior, terutama dalam menyatukan inovasi dan gagasan yang diselaraskan dengan pengalaman dalam upaya akselerasi transformasi birokrasi.Kedua, peran pemimpin yang memimpin dengan visi yang jelas, memotivasi, serta mengoptimalkan potensi para pemimpin masa depan.Kemudian, penggunaan data dan analisis yang strategis dalam membuat kebijakan dan program.“Peningkatan kualitas birokrasi adalah keniscayaan bagi perbaikan layanan untuk masyarakat luas. Diharapkan, pertemuan dengan ASN Sumatra Utara hari ini dapat menjadi semangat untuk meningkatkan komitmen dan dedikasi serta berdampak bagi pemerintahan ke depan,” tambahnya.Sementara itu, Plt. Gubernur Sumatera Utara Agus Fatoni mengatakan bahwa instansi pemerintah di lingkup Sumatera Utara telah didorong untuk melakukan berbagai inisiatif dalam rangka reformasi birokrasi.Diharapkan birokrasi yang dijalankan di Sumatera Utara dapat berdampak pada perkembangan ekonomi dan juga target pembangunan nasional.“Instansi pemerintah di Sumatera Utara, baik di level kota, kabupaten, maupun provinsi harus melakukan reformasi birokrasi dengan serius, kerja cepat dan cerdas, serta dengan inovasi untuk mewujudkan birokrasi yang berdampak,” pungkas Agus.Baca juga:Menpan RB cek kesiapan SKD Sekolah Kedinasan di Kanreg VI BKNBaca juga:Menpan RB: AsIAN berperan dukung reformasi birokrasi berdampakPewarta: Narda Margaretha SinambelaEditor: Tasrief TarmiziCopyright © ANTARA 2024",2024-07-17,netral
Kepala BKKBN: Harganas jadi momen pengukuran balita secara akurat,https://www.antaranews.com/berita/4202385/kepala-bkkbn-harganas-jadi-momen-pengukuran-balita-secara-akurat,"Jakarta (ANTARA) - Kepala Badan Kependudukan dan Keluarga Berencana Nasional (BKKBN) dr. Hasto Wardoyo mengemukakan bahwa Hari Keluarga Nasional (Harganas) menjadi momen bagi para kader posyandu, tim pendamping keluarga (TPK), dan seluruh pihak terkait untuk mengukur bayi di bawah lima tahun (balita) secara akurat.“Harganas menjadi momen bagi bupati, wali kota, dan seluruh pejabat daerah, sampai kader-kader PKK untuk menerapkan pola pikir baru. Misalnya, di Harganas kemarin ada intervensi pengukuran dan penimbangan serentak, mereka punya pola pikir baru bahwa penimbangan itu tidak hanya ditimbang, tetapi juga diukur panjangnya dan harus mencapai 100 persen (seluruh balita diukur secara akurat),” ujar Hasto di Kantor BKKBN, Jakarta, Rabu.Hasto menjelaskan, intervensi pengukuran dan penimbangan serentak dilaksanakan selama satu bulan penuh mulai 1-30 Juni 2024, di mana ada 17 juta balita yang telah diukur panjang dan berat badannya menggunakan antropometri.“Di momen Harganas itu mereka memang kita gerakkan mulai tanggal 1-30 Juni, semua balita yang ada di wilayahnya diukur. Jadi Harganas bukan untuk hura-hura saja, melainkan ada aksi yang konkret untuk apa, sehingga balita yang enggak datang, didatangi ke rumah, sehingga dari situ kita bisa mengukur sekitar 17 juta balita, 90 persen sudah terukur saat Harganas,” paparnya.Terkait angka stunting, ia menjelaskan bahwa pengukuran dan penimbangan serentak yang nantinya akan dimasukkan ke dalam Elektronik Pencatatan dan Pelaporan Gizi Berbasis Masyarakat (EPPGBM) masih memerlukan proses verifikasi dan validasi.Baca juga:BKKBN: Harganas harus bisa bawa efek pengganda bagi ekonomi lokal“Kemarin di bawah Menteri Koordinator bidang Pembangunan Manusia dan Kebudayaan sedang diverifikasi dan validasi, kita masih menunggu dari Kemenko PMK dan Kementerian Kesehatan, itu yang sekarang sedang dikerjakan,” ucapnya.Ia menuturkan, berdasarkan hasil verifikasi dan validasi, angka stunting sementara di EPPGBM lebih rendah daripada Survei Kesehatan Indonesia (SKI), tetapi belum ada angka yang bisa dipublikasikan.Hasto juga menyebutkan, Harganas menjadi momen untuk memberikan penghargaan pada daerah yang berprestasi dalam memaksimalkan pembangunan keluarga, kependudukan, dan keluarga berencana (bangga kencana) dan menjalankan Grand Design Pembangunan Kependudukan (GDPK).“Pembangunan yang menyangkut masalah bangga kencana, contoh GDPK, kita nilai mana kabupaten/kota yang membangun berdasarkan kependudukan, yang terbaik itu juga kita nilai, kemudian bagaimana kegiatan yang menyangkut masalah keluarga, ada bina keluarga balita, remaja, lansia, mana yang paling berprestasi di situ,” tuturnya.Selain itu, lanjut dia, BKKBN juga memberikan penghargaan bagi daerah yang memberikan layanan kontrasepsi secara berkelanjutan.“Dalam bidang keluarga berencana atau pelayanan kontrasepsi, kita berikan apresiasi layanan sejuta akseptor, mana daerah yang mempunyai prestasi baik dalam melayani sejuta akseptor, itu juga kita berikan penghargaan di situ. Di samping itu, daerah-daerah yang juga MKJP yang tinggi di mana, itu kita berikan penghargaan,” katanya.Baca juga:BKKBN: Indeks kebahagiaan Indonesia tinggi meski kemandirian rendahBaca juga:BKKBN raih penghargaan pengelolaan BMN terbaik dari KemenkeuPewarta: Lintang Budiyanti PrameswariEditor: Triono SubagyoCopyright © ANTARA 2024",2024-07-17,netral
FKPT Jatim libatkan kelompok moderat lakukan survei IPR,https://www.antaranews.com/berita/4202196/fkpt-jatim-libatkan-kelompok-moderat-lakukan-survei-ipr,"Surabaya (ANTARA) - Forum Koordinasi Pencegahan Terorisme (FKPT) Jawa Timur melibatkan kelompok-kelompok dan organisasi moderat dalam melakukan survei Indeks Potensi Radikalisme (IPR).Ketua FKPT Jatim Prof. Dr. Hesti Armiwulan di Surabaya, Rabu mengatakan pihaknya juga melibatkan masyarakat secara umum untuk survei Indeks Risiko Terorisme (IRT).""Kami melibatkan tokoh-tokoh ormas Islam terkemuka seperti Nahdlatul Ulama (NU), Muhammadiyah, bahkan juga tokoh-tokoh pers di setiap daerah kabupaten/kota,"" katanya.Menurut Prof. Hesti Armiwulan perkembangan isu terkini ancaman radikalisme berkembang dinamis, pada permukaan terjadi penurunan 100 persen, sehingga dapat dikatakan 0 serangan dari 2023 sampai Juli 2024.""Ini menunjukkan fenomena yang bagus, terjadi penurunan bukan berarti terjadi penurunan ancaman atau indeks intoleransi radikalisme terorisme,"" tuturnya.Sebelumnya, FKPT Jatim sedang menjajaki kerja sama untuk mendirikan Kampus Kebangsaan dalam rangka pencegahan paham radikalisme dan terorisme di lingkungan kampus dan mahasiswa.Sejauh ini, BNPT bersama FKPT Jatim tidak dapat bergerak sendiri, tapi melibatkan lima komponen pertama pemerintah daerah, kedua dengan masyarakat seperti yang saat ini dengan seluruh lapisan masyarakat, baik akademisi ataupun masyarakat biasa, ketiganya yang itu dengan pengusaha, dan akademisi.Di Universitas Islam Negeri Sunan Ampel (UINSA) dan sejumlah kampus lainnya, menjadi partner sebelum diadakan pendirian kampus kebangsaan. Selain itu ada jalinan kerja sama dengan media baik literasi digital dan lainnya.Berdasarkan penelitian BNPT pada 2023, potensi radikal menunjukkan peningkatan sebesar 1,7 persen dibanding dengan 2022.Dimensi pemahaman yang merupakan Indeks potensi radikalisme lebih tinggi pada perempuan, kemudian remaja dan anak-anak gen Z dominan, dan netizen yang aktif menyebarkan konten keagamaan.Tren toleransi di remaja alami peningkatan dari 61,6 persen menjadi 70,2 persen itu tingkat toleransinya.Baca juga:BNPT: Kampus Kebangsaan perkuat ketahanan publik dari paham terorismeBaca juga:BNPT: Radikalisme mengarah ke anak hingga perempuanPewarta: Willi IrawanEditor: Budi SuyantoCopyright © ANTARA 2024",2024-07-17,netral
BKKBN: Indeks kebahagiaan Indonesia tinggi meski kemandirian rendah,https://www.antaranews.com/berita/4202115/bkkbn-indeks-kebahagiaan-indonesia-tinggi-meski-kemandirian-rendah,"Kita ini kemandiriannya lemah, tetapi kebahagiaannya tinggi. Kita ini miskin tetapi bahagia, dan itu kenyataanJakarta (ANTARA) - Kepala Badan Kependudukan dan Keluarga Berencana Nasional (BKKBN) Hasto Wardoyo menyatakan bahwa indeks kebahagiaan di Indonesia berdasarkan indeks Pembangunan Keluarga (iBangga) sudah tinggi meski skor kemandirian masih rendah.“Kita ini kemandiriannya lemah, tetapi kebahagiaannya tinggi. Kita ini miskin tetapi bahagia, dan itu kenyataan, masih bisa bersyukur, meskipun masih miskin tetapi tidak sedih,” ujar Hasto saat ditemui awak media di Kantor BKKBN, Jakarta, Rabu.Ia menjelaskan dalam iBangga, skor indeks kebahagiaan tercatat sebesar 72, tetapi skor kemandirian masih di angka 51, sedangkan skor ketenteraman sekitar 56-57.“Nilai maksimalnya 100, tetapi ini naiknya bertahap, misalnya indeks ketenteraman itu salah satunya (indikator) kalau suami istri menikah secara sah dan ada dokumennya, itu skor kita belum sampai 60 karena perceraian tinggi,” ucapnya.Sedangkan untuk indeks kemandirian, tingkat perekonomian masyarakat Indonesia rata-rata masih menengah ke bawah, sehingga skornya masih rendah.Baca juga:BKKBN sebut pentingnya cegah bayi stunting dengan persiapan kehamilanBaca juga:Kepala BKKBN: Tak perlu takut menikah, banyak manfaat untuk kesehatan“Kemudian kemandirian, itu jelas angkanya masih 52, karena itu urusan ekonomi, jadi dia dinilai berdasarkan bisa atau tidak mencukupi biaya pendidikan, makan, dan lain sebagainya. Memang seluruh rakyat Indonesia yang menengah ke bawah kan masih banyak,” katanya.Hasto juga mengungkapkan, indeks kebahagiaan Indonesia cenderung tinggi karena masyarakatnya masih memegang teguh budaya gotong royong dan saling bersosialisasi satu sama lain.“Kemudian kalau kebahagiaan, memang kita untuk bisa bersosialisasi, gotong royong, berwisata, rekreasi, berkomunikasi, berinteraksi, memanghappykita ini, kalau di kampung itu kan ada gardu untuk ronda ramai-ramai, ketawa-ketawa padahal utangnya banyak, akhirnya terbiasa, jadi indeks kebahagiaannya tinggi,” tuturnya.Berdasarkan data dari Badan Pusat Statistik (BPS), metode penghitungan Indeks Kebahagiaan tahun 2017-2021 berbeda dengan metode tahun 2014.Indeks kebahagiaan tahun 2017-2021 diukur menggunakan tiga dimensi, yakni kepuasan hidup (life satisfaction), perasaan (affect), dan makna hidup (eudaimonia). Sementara metode sebelumnya (2014), indeks kebahagiaan hanya diukur menggunakan satu dimensi yaitu kepuasan hidup.Berdasarkan data BPS, di tahun 2021, Maluku Utara menjadi provinsi dengan indeks kebahagiaan tertinggi yakni di angka 76,34.Pewarta: Lintang Budiyanti PrameswariEditor: Indra GultomCopyright © ANTARA 2024",2024-07-17,positif
IHSG Rabu ditutup melemah di tengah optimisme pemangkasan bunga Fed,https://www.antaranews.com/berita/4202076/ihsg-rabu-ditutup-melemah-di-tengah-optimisme-pemangkasan-bunga-fed,"Bursa regional Asia bergerak cenderung menguat, tampaknya masih ditopang reaksi optimis pasar akan pemangkasan suku bunga acuan The FedJakarta (ANTARA) - Indeks Harga Saham Gabungan (IHSG) Bursa Efek Indonesia (BEI) pada Rabu sore ditutup melemah di tengah optimisme pemangkasan suku bunga acuan The Federal Reserve (The Fed).IHSG ditutup melemah 0,06 poin ke posisi 7.224,22. Sementara kelompok 45 saham unggulan atau indeks LQ45 naik 5,51 poin atau 0,61 persen ke posisi 910,06.“Bursa regional Asia bergerak cenderung menguat, tampaknya masih ditopang reaksi optimis pasar akan pemangkasan suku bunga acuan The Fed,"" sebut Tim Riset PIlarmas Investindo Sekuritas dalam kajiannya di Jakarta, Rabu.Pasar memiliki pandangan bahwa suku bunga The Fed akan mulai dipangkas pada September tahun ini. Pasar merujuk data Retail Sales Advance bulanan Amerika Serikat (AS) yang turun dari sebelumnya 0,3 persen menjadi 0 persen, yang memberikan pandangan bagaimana ketahanan konsumen yang masih lemah dalam mendukung prospek pertumbuhan ekonomi AS.Berdasarkan CME Fedwatch, probabilitas pemangkasan suku bunga acuan menjadi sebesar 93,3 persen pada September 2024.Katalis lainnya datang dari hasil survei Japan Reuters Tankan yang menunjukkan terjadinya peningkatan optimisme pebisnis. Terakhir, International Monetary Fund (IMF) dalam World Economic Outlook (WEO) yang memperkirakan perekonomian global akan mengalami pertumbuhan moderat selama dua tahun ke depan.Dari dalam negeri, International Monetary Fund (IMF) juga memproyeksikan pertumbuhan ekonomi Indonesia 2024 tetap di level 5 persen. Asian Development Bank (ADB) juga mempertahankan proyeksi pertumbuhan ekonomi Indonesia sebesar 5 persen untuk 2024 atau di bawah target pemerintah yang sebesar 5,2 persen.Rapat Dewan Gubernur (RDG) Bank Indonesia (BI) pada hari ini, Rabu (17/7) memutuskan untuk menahan tingkat suku bunga acuannya di level 6,25 persen.Dibuka menguat, IHSG betah di teritori positif sampai penutupan sesi pertama perdagangan saham. Pada sesi kedua, IHSG bergerak ke zona merah hingga penutupan perdagangan saham.Berdasarkan Indeks Sektoral IDX-IC, lima sektor menguat dipimpin oleh sektor barang konsumen primer yang naik sebesar 0,76 persen, diikuti oleh sektor transportasi & logistik dan sektor keuangan yang masing-masing naik sebesar 0,57 persen dan 0,39 persen.Sedangkan, enam sektor turun yaitu sektor kesehatan turun paling dalam minus 0,42 persen, diikuti oleh sektor teknologi barang baku dan sektor teknologi yang masing-masing turun sebesar 0,32 persen dan 0,25 persen.Saham-saham yang mengalami penguatan terbesar yaitu IOTF, MSKY, BSBK, BABP dan ISEA. Sedangkan saham-saham yang mengalami pelemahan terbesar yakni RICY, KIJA, BREN, LIVE dan NASI.Frekuensi perdagangan saham tercatat sebanyak 1.090.940 kali transaksi dengan jumlah saham yang diperdagangkan sebanyak 28,04 miliar lembar saham senilai Rp11,68 triliun. Sebanyak 287 saham naik 251 saham menurun, dan 250 tidak bergerak nilainya.Bursa saham regional Asia sore ini antara lain, indeks Nikkei melemah 177,40 poin atau 0,43 persen ke 41,097,69, indeks Hang Seng menguat 11,42 poin atau 0,06 persen ke 17.739,41, indeks Shanghai melemah 13,43 poin atau 0,45 persen ke 2.962,86, dan indeks Strait Times menguat 1,66 poin atau 0,05 persen ke 3.489,57.Baca juga:IHSG diprediksi menguat jelang rilis suku bunga Bank IndonesiaBaca juga:IHSG Rabu dibuka menguat 33,98 poinBaca juga:IHSG ditutup melemah ikuti mayoritas bursa kawasan AsiaPewarta: Muhammad HeriyantoEditor: Ahmad BuchoriCopyright © ANTARA 2024",2024-07-17,netral
China rilis indeks dorong inovasi institusional di FTZ percontohan,https://www.antaranews.com/berita/4202028/china-rilis-indeks-dorong-inovasi-institusional-di-ftz-percontohan,"Guangzhou (ANTARA) - Zona Perdagangan Bebas (Free Trade Zone/FTZ) percontohan di Shanghai, China timur, dan Provinsi Guangdong, China selatan, mendapatkan pengakuan dalam sebuah indeks yang dipublikasikan pada Selasa (16/7) berkat upaya kedua FTZ tersebut untuk memajukan inovasi institusional.Indeks inovasi institusional dari berbagai FTZ percontohan di China yang dipublikasikan oleh Universitas Sun Yat-sen menempatkan FTZ percontohan Qianhai di Shenzhen, FTZ Kawasan Baru Pudong di Shanghai, dan FTZ Distrik Nansha di Guangzhou pada tiga posisi teratas.Fu Zhengping, kepala institut FTZ di bawah Universitas Sun Yat-sen, mengatakan bahwa indeks tersebut, yang telah dirilis selama sembilan tahun berturut-turut, melakukan penilaian dan investigasi berdasarkan lima bidang utama, yakni fasilitasi perdagangan, liberalisasi investasi, revolusi dan inovasi keuangan, transformasi fungsi pemerintahan, dan lingkungan berbasis hukum.Indeks itu bertujuan untuk memberikan pendapat dan saran yang konstruktif bagi arah dan implementasi kebijakan inovasi institusional di FTZ percontohan.Indeks tahun ini juga mencakup indikator tambahan yang berfokus pada ekonomi digital, keterbukaan institusional, pembangunan hijau, serta bidang-bidang lainnya. FTZ di Tianjin, Beijing, Chongqing, Kawasan Baru Lin'gang di Shanghai, Xiamen di Provinsi Fujian, Chengdu di Provinsi Sichuan, dan Hengqin di Provinsi Guangdong menggenapi posisi 10 teratas.China mendirikan FTZ percontohan pertamanya di Shanghai pada 2013, dengan misi utama untuk menguji coba reformasi transformatif dalam fungsi pemerintahan, sistem keuangan, layanan perdagangan, investasi asing, serta perpajakan China, maupun kebijakan-kebijakan percontohan yang nantinya dapat diterapkan di seluruh negara tersebut.Hingga saat ini, menurut Kementerian Perdagangan China, negeri Tirai Bambu ini telah mendirikan 22 FTZ percontohan, yang telah mencatatkan kesuksesan praktik pada 349 kasus inovasi dalam reformasi institusional yang dipromosikan di tingkat nasional.Pewarta: XinhuaEditor: Junaydi SuswantoCopyright © ANTARA 2024",2024-07-17,netral
DPRD Kalsel ingatkan Pemprov fokus bangun pertanian,https://www.antaranews.com/berita/4201965/dprd-kalsel-ingatkan-pemprov-fokus-bangun-pertanian,"Banjarmasin (ANTARA) - Panitia Khusus (Pansus) III DPRD Provinsi Kalimantan Selatan (Kalsel) yang membahas Rancangan Peraturan Daerah (Raperda) tentang Rencana Pembangunan Jangka Panjang Daerah (RPJPD) 2025-2045 mengingatkan Pemerintah Provinsi(Pemprov) Kaltim agar fokus terhadap pembangunan pertanian.Ketua Pansus III DPRD Provinsi Kalsel H Gusti Abidinsyah menyampaikan itu saat Rapat Paripurna terkait Pengambilan Keputusan Raperda tentang RPJPD 2025-2045 di Banjarmasin, Rabu.Pasalnya, menurut Abidinsyah, masalah pembangunan pertanian tidak hanya bagi petani, namun berkaitan erat dengan upaya peningkatan perekonomian daerah dan nasional.""Karena pembangunan pertanian terkait dengan pembangunan manusia atau Indeks Pembangunan Manusia (IPM),"" ujar Abidinsyah.Namun, Abidinsyah mengapresiasi IPM Kalsel pada 2023 mencapai 74,39 atau berada di atas rata-rata nasional, tapi masih di bawah Kalimantan Timur (Kaltim).""IPM tersebut juga tidak terlepas dengan kesehatan yang saling berkaitan pula dengan lingkungan,"" tutur Abidinsyah.Abidinsyah menambahkan pembangunan pertanian harus fokus pada tanaman pangan termasuk permasalahan kesehatan lingkungan, seperti sampah dan limbah domestik.""Secara khusus pula terkait pembangunan tanaman pangan yaitu persoalan pupuk, terutama pupuk bersubsidi yang banyak menjadi kekuatan petani,"" ungkap Abidinsyah.Sementara itu, Gubernur Kalsel H Sahbirin Noor mengharapkan Raperda tentang RPJPD untuk 20 mendatang bisa segera menjadi Peraturan Daerah (Perda).Sahbirin menyebutkan penetapan Perda tentang RPJPD dapat menjadi pedoman menyiapkan kebijakan pembangunan jangka panjang daerah selama 20 tahun mendatang.""RPJPD tersebut sudah barang tentu selaras dengan Rencana Pembangunan Jangka Panjang Nasional serta Rencana Tata Ruang Wilayah Provinsi (RTRWP) Kalsel dan memperhatikan kebijakan pembangunan jangka panjang kabupaten/kota,"" ujar Sahbirin.Selain itu, Sahbirin menekankan perencanaan yang selaras, kolaborasi kuat serta sinergi berkelanjutan dapat memperkuat seluruh pihak yang terlibat untuk mewujudkan visi RPJPD Kalsel 2025-2045 sebagai gerbang logistik Kalimantan yang maju dan berkelanjutan menuju Kalsel Babussalam.Baca juga:DPRD Kalsel kunjungi Bappenas bahas ""Banua"" jadi gerbang logistik IKNBaca juga:DPRD Kalsel studi banding rehabilitasi rumah tak layak huni ke JatimPewarta: Imam Hanafi/syamsuddinEditor: Guido MerungCopyright © ANTARA 2024",2024-07-17,netral
Kemenkes: WhatsApp untuk notifikasi skrining PTM guna upaya promotif,https://www.antaranews.com/berita/4201812/kemenkes-whatsapp-untuk-notifikasi-skrining-ptm-guna-upaya-promotif,"Pelaksanaan pengiriman notifikasi WhatsApp skrining PTM dimulai secara langsung serentak di seluruh Indonesia pada 22 Juni 2024, melalui pembaruan aplikasi ASIK versi 2.3.3Jakarta (ANTARA) - Kementerian Kesehatan melakukan proyek notifikasi skrining penyakit tidak menular (PTM), meliputi skrining kardiovaskular (jantung), kanker, kelainan darah, dan gangguan pernapasan, ke WhatsApp pasien, agar pasien itu menghubungi fasilitas kesehatan untuk penanganan lebih lanjut.""Pelaksanaan pengiriman notifikasi WhatsApp skrining PTM dimulai secara langsung serentak di seluruh Indonesia pada 22 Juni 2024, melalui pembaruan aplikasi ASIK versi 2.3.3."" kata Chief of Technology Transformation Office (TTO) Kemenkes Setiaji.Baca juga:Menkes upayakan ""win-win solution"" dalam isu penggusuran kantor  PKBIDalam keterangan yang diterima di Jakarta, Rabu, Setiaji menyebutkan bahwa skrining penyakit tidak menular merupakan salah satu program utama penguatan upaya penguatan promotif dan preventif di layanan primer seperti puskesmas, posyandu, atau posbindu.Setiaji menjelaskan, notifikasi itu dikirimkan setelah tenaga kesehatan atau kader mencatat hasil skrining PTM di Aplikasi Sehat IndonesiaKu (ASIK).""Selain informasi hasil pemeriksaan, notifikasi WhatsApp juga akan menampilkan edukasi kesehatan sesuai hasil skrining yang dilakukan,"" dia menuturkan.Selain edukasi untuk mengubah gaya hidup, dia menyebutkan bahwa skrining sangat penting dilakukan untuk menemukan diabetes lebih awal sehingga risiko diabetes melitus (DM) dapat dicegah.Dia menyebut bahwa pemeriksaan kesehatan deteksi dini faktor risiko penyakit tidak menular meliputi pengukuran indeks massa tubuh yaitu tinggi badan, berat badan, lingkar perut, pengukuran tekanan darah atau tensi darah dan tes gula darah.Baca juga:RS Adam Malik tangani tumor tulang tanpa amputasiSetiaji menjelaskan, ASIK merupakan aplikasi pencatatan deteksi dini atau skrining penyakit tidak menular yang digunakan oleh tenaga kesehatan atau kader di posyandu, posbindu dan puskesmas.Berdasarkan tren jumlah data yang masuk dalam aplikasi ASIK periode Januari-Juni 2024, ujarnya, layanan skrining yang tercatat sebanyak 37.886.630, data individu yang mendapatkan layanan skrining penyakit tidak menular sebanyak 29.212.976, dan sudah ada 10.173 atau 97,6 persen puskesmas yang melaporkan skrining PTM dengan menggunakan ASIK.Sepanjang periode yang sama, dia menambahkan, rata-rata harian layanan skrining penyakit tidak menular tercatat di aplikasi ASIK sebanyak 208.163, sedangkan rata-rata mingguannya mencapai 1.457.178, dan rata-rata bulanan layanan sebesar 6.314.438.Hingga 14 Juli 2024, ujarnya, notifikasi WhatsApp hasil skrining penyakit tidak menular yang telah dikirimkan kepada pasien mencapai 83.987.""Saat ini, notifikasi WhatsApp akan dikirimkan kepada masyarakat yang melakukan skrining kanker serviks serta pemeriksaan gula darah, lemak darah, tekanan darah, dan skrining kanker payudara (khusus perempuan) di puskesmas,"" dia menambahkan.Baca juga:Kemenkes: Tetap siaga karena dinamika pelaksanaan haji dapat berubahPewarta: Mecca Yumna Ning PrisieEditor: SambasCopyright © ANTARA 2024",2024-07-17,netral
Bawaslu RI sebut simulasi tingkatkan kompetensi penyelesaian sengketa,https://www.antaranews.com/berita/4201722/bawaslu-ri-sebut-simulasi-tingkatkan-kompetensi-penyelesaian-sengketa,"Jakarta (ANTARA) - Anggota Badan Pengawas Pemilihan Umum (Bawaslu) RI Totok Hariyono mengatakan bahwa simulasi dapat meningkatkan kompetensi dan pemahaman tentang penerimaan permohonan dan registrasi penyelesaian sengketa Pilkada 2024.""Simulasi ini dilakukan supaya teman-teman di Divisi Penyelesaian Sengketa dengan cepat menyerap dan memahami alur proses permohonan penyelesaian sengketa dari hulu hingga hilir. Ini menjadi penting karena gelaran Pilkada 2024 sudah di depan mata,"" kata Totok saat menghadiri Rapat Kerja Teknis Penyelesaian Sengketa Pemilihan pada Pilkada 2024 di Denpasar, Bali, sebagaimana keterangan resmi diterima di Jakarta, Rabu.Ia juga berpendapat bahwa forum tersebut dapat menjadi ajang belajar sungguh-sungguh untuk memanfaatkan pengetahuan dan kompetensi soal penyelesaian sengketa. Terlebih, forum tersebut membahas simulasi soal putusan dan materi pokok putusan.""Tentu sebagai komisioner Bawaslu kita diwajibkan memahami dan bisa membuat konstruksi putusan, materi pokok putusan. Jangan sampai ketidakpandaian kita menjadi kendala dalam proses penyelesaian sengketa pemilihan nanti,"" ujarnya.Baca juga:Bawaslu RI susun indeks kerawanan Pilkada 2024Ia mengatakan setiap gelaran rakernis atau simulasi harus ada ilmu yang didapat untuk kemudian ditransformasikan ke jajaran di masing-masing daerah.Totok juga meminta Divisi Penyelesaian Sengketa Bawaslu RI agar terus berkoordinasi dengan divisi lain yang menjadi penanggung jawab tahapan, khususnya pencocokan dan penelitian (coklit) data pemilih.""Harus terus saling koordinasi dengan divisi lain karena proses pengawasannya saling beririsan,"" katanya.Pada kesempatan itu, ia juga meminta jajarannya bekerja maksimal dalam proses pengawasan dengan memahami regulasi aturan hingga bersikap profesional.Rakernis tersebut melibatkan delapan Bawaslu provinsi berikut Bawaslu kabupaten/kota di dalamnya sebagai peserta; meliputi Bengkulu, Banten, Jambi, DKI Jakarta, Yogyakarta, Jawa Barat, Kalimantan Barat, dan Kalimantan Timur.Baca juga:Bawaslu harap penggunaan Sirekap pada Pilkada 2024 tak buat kegaduhanBaca juga:Bawaslu RI maksimalkan pengawasan jelang pelaksanaan Pilkada 2024Pewarta: Rio FeisalEditor: Didik KusbiantoroCopyright © ANTARA 2024",2024-07-17,netral
Peneliti nilai langkah Menpora bentuk TKPPK sudah tepat,https://www.antaranews.com/berita/4201554/peneliti-nilai-langkah-menpora-bentuk-tkppk-sudah-tepat,"Jakarta (ANTARA) -Peneliti Laboratorium Administrasi dan Kebijakan Publik Universitas Lampung, Dodi Faedlulloh, menilai langkah Menteri Pemuda dan Olahraga (Menpora) Dito Ariotedjo membentuk Tim Koordinasi Penyelenggaraan Pelayanan Kepemudaan (TKPPK) sudah tepat, guna menindaklanjuti Peraturan Presiden Nomor 43/2022.Ia membeberkan, tim tersebut bertujuan untuk mendukung kelancaran pelaksanaan koordinasi strategis lintas sektor penyelenggaraan pelayanan kepemudaan.""Beberapa waktu lalu, Kemenpora merilis Tim Asistensi Kelompok Kerja dan TKPPK yang diisi oleh anak-anak muda yang memiliki kapasitas di bidangnya. Semoga tim itu bisa menjadi akselerator dan dapat meretas sisi birokratis dalam koordinasi,"" kata Dodi dalam keterangan tertulis yang diterima di Jakarta, Rabu.Lebih lanjut dia membeberkan, di tingkat nasional terdapat 27 kementerian dan lembaga negara yang masuk dalam TKPPK, seperti Kementerian Dalam Negeri, Kementerian Pertahanan, hingga Badan Pembina Ideologi Pancasila (BPIP).Dodi menambahkan, keberhasilan Perpres 43 Tahun 2022 tentang Koordinasi Strategis Lintas Sektor dalam Pelayanan Kepemudaan, bergantung pada pengawasan yang serius dan berkelanjutan, serta tidak hanya di tingkat pusat, tetapi juga sampai di level daerah, yakni kabupaten/kota.Menurut dia, potensi generasi muda di berbagai daerah sangat besar, sehingga harus dimanfaatkan melalui implementasi yang cerdas dan terpantau dengan baik oleh anak-anak muda itu sendiri.Oleh sebab itu, program pelayanan kepemudaan yang digagas Menpora Dito bertujuan untuk meningkatkan efektivitas layanan pemuda, dengan memastikan bahwa program dan kegiatan diselenggarakan oleh beragam sektor.""Generasi muda Indonesia mewakili masa depan negeri dan untuk memenuhi kebutuhan mereka, diperlukan pendekatan kolaboratif yang melibatkan berbagai sektor. Secara normatif, peraturan ini bisa menjadi lompatan besar,"" ujar dia.Pada Selasa (16/7), Kemenpora membuat rapat optimalisasi pelaksanaan tugas Tim Asistensi Kelompok Kerja dan Tim Koordinasi Nasional Penyelenggaraan Pelayanan Kepemudaan untuk menyamakan persepsi, guna menyiapkan pemuda yang berdaya saing, serta menyambut Indonesia Emas 2045.Deputi Pengembangan Pemuda Kemenpora Raden Isnanta mengatakan, tim asistensi dan koordinasi diisi oleh tenaga profesional dari bidangnya masing-masing.Mulai dari bidang pendidikan, kesehatan dan kesejahteraan, kesempatan dan lapangan kerja, partisipasi dan kepemimpinan, sertagenderdan diskriminasi.""Tim asistensi ini dibentuk berdasarkan Keputusan Menteri Pemuda dan Olahraga (Kepmenpora). Mereka merupakan dari kalangan profesional dan memiliki akses ke kementerian/lembaga, serta punya pengalaman yang luar biasa di bidangnya,"" kata Raden.Ia membeberkan, tim kerja tersebut akan bersama-sama untuk berkolaborasi meningkatkan nilai Indeks Pembangunan Pemuda (IPP), sehingga target meningkatkan daya saing pemuda di Tanah Air bisa tercapai ke depannya.Baca juga:Kemenpora buat rapat optimalisasi untuk siapkan pemuda berdaya saingPewarta: Donny AditraEditor: Irwan SuhirwandiCopyright © ANTARA 2024",2024-07-17,netral
Kemenko Perekonomian: Peningkatan PMR RI buktikan UU Ciptaker efektif,https://www.antaranews.com/berita/4201407/kemenko-perekonomian-peningkatan-pmr-ri-buktikan-uu-ciptaker-efektif,"Implementasi Undang-Undang Cipta Kerja telah terbukti efektif, sebagaimana dibuktikan dengan peningkatan indikator PMR IndonesiaJakarta (ANTARA) - Deputi Bidang Koordinasi Ekonomi Makro dan Keuangan Kementerian Koordinator Bidang Perekonomian Ferry Irawan menilai, peningkatan indeks Product Market Regulation (PMR) Indonesia di level 2,2 tahun ini menjadi bukti penerapan Undang-Undang Cipta Kerja (UU Ciptaker) efektif.“Implementasi Undang-Undang Cipta Kerja telah terbukti efektif, sebagaimana dibuktikan dengan peningkatan indikator PMR Indonesia,” kata Ferry dalam keterangannya di Jakarta, Rabu.Survei PMR Indonesia 2024 menunjukkan hasil yang positif, dengan peningkatan indeks PMR dari 2,79 pada 2021 menjadi 2,2 pada 2024 (skala 0-6, di mana 0 menunjukkan regulasi yang lebih competition-friendly).Perbaikan signifikan terlihat pada sejumlah indikator yakni di antaranya pengadaan barang dan jasa yang lebih transparan, partisipasi publik terhadap regulasi yang lebih meningkat, serta penggunaan metode evaluasi regulasi yang lebih fleksibel.Ferry mengatakan, reformasi struktural juga berhasil mendorong persaingan terbuka dalam sektor kereta api, pengurangan hambatan terhadap investasi asing dan perdagangan internasional, serta penyederhanaan perizinan berusaha berbasis risiko melalui sistem Online Single Submission Risk-Based Approach (OSS RBA).Pada 2021, Indonesia merevisi 79 UU melalui UU Ciptaker, yang terdiri dari 186 pasal dan 15 bab yang terbagi dalam 11 klaster.“Klaster tersebut termasuk perbaikan ekosistem investasi dan kegiatan berusaha, perizinan usaha, ketenagakerjaan, dukungan riset dan inovasi, administrasi pemerintahan, serta kemudahan berusaha,” ujarnya.Adapun survei PMR terbaru diluncurkan Organisasi untuk Kerja Sama dan Pembangunan Ekonomi (Organization for Economic Cooperation and Development/OECD) pada Rabu 10 Juli 2024 di Paris, Prancis.Survei ini merupakan inisiatif untuk mengidentifikasi bagaimana suatu negara menciptakan lingkungan bisnis kondusif, meningkatkan transparansi dalam dunia bisnis, serta mendukung penciptaan lapangan kerja berkualitas.Survei PMR ini dilakukan pada 38 negara anggota OECD dan beberapa negara mitra, termasuk Indonesia.Sebagai apresiasi atas keberhasilan dalam melakukan reformasi kebijakan, Indonesia diundang oleh OECD untuk menjadi pembicara dalam rilis PMR tersebut.Indonesia diundang bersama Yunani dan Peru yang juga berhasil melakukan reformasi kebijakan.Deputi Bidang Koordinasi Ekonomi Makro dan Keuangan Kemenko Perekonomian Ferry Irawan, yang hadir mewakili Menteri Koordinator Bidang Perekonomian Airlangga Hartarto menyampaikan komitmen dan keberhasilan Indonesia dalam implementasi reformasi struktural.Baca juga:Kemenko: Kepercayaan investor terhadap ekonomi RI cukup baikBaca juga:Pemerintah luncurkan buku saku pengawasan izin usaha berbasis risikoPewarta: Bayu SaputraEditor: Ahmad BuchoriCopyright © ANTARA 2024",2024-07-17,netral
Indodax: Pasar kripto positif dalam jangka pendek pasca-insiden Trump,https://www.antaranews.com/berita/4201296/indodax-pasar-kripto-positif-dalam-jangka-pendek-pasca-insiden-trump,"Jakarta (ANTARA) - CEO Indodax Oscar Darmawan menilai bahwa pasar kripto cenderung tetap positif dalam jangka pendek pasca-insiden penembakan calon presiden Amerika Serikat (AS) Donald Trump pada akhir pekan lalu.“Saat ini pasar cenderung tetap positif dalam jangka pendek, BTC naik dari 58,300 dolar AS menjadi 63,015 dolar AS dalam beberapa jam setelah peristiwa tersebut, menunjukkan volatilitas yang signifikan sekaligus menepis ketidakpastian dan kekhawatiran terhadap potensi negatif,” kata Oscar dalam keterangannya yang diterima di Jakarta pada Rabu.Pada level ini, lanjut Oscar, Bitcoin (BTC) dan aset kripto lainnya seringkali menunjukkan ketahanan dan pemulihan yang cepat setelah periode volatilitas.“Kami akan terus memantau perkembangan dan memberikan informasi terkini kepada para investor kami,” ujar dia.Oscar mengatakan, pihaknya perlu memahami bahwa pasar kripto sering kali bereaksi terhadap berita-berita besar yang berpotensi memiliki dampak terhadap stabilitas geopolitik dan ekonomi global.Dia memandang, insiden tersebut berpotensi menciptakan ketidakpastian yang cukup tinggi di pasar keuangan, termasuk pasar kripto. Reaksi pasar dapat bersifat volatil dalam jangka pendek karena para investor cenderung mencari keamanan dalam situasi yang tidak menentu.Trump, yang menjadi korban penembakan saat kampanye di Pennsylvania, AS, pada 13 Juli lalu, tidak hanya mendominasi berita utama di seluruh dunia tetapi juga menyebabkan volatilitas di pasar kripto pada akhir pekan.Selama masa kepresidenannya yang pertama, Trump dikenal sebagai kritikus yang vokal terhadap Bitcoin dan industri kripto secara keseluruhan. Indodax memandang, maka tidak mengherankan bahwa insiden penembakan ini berpotensi berdampak pada pasar kripto.Di lain sisi, beberapa tokoh seperti CEO Tesla Elon Musk dan Founder Tron Justin Sun justru secara resmi mendukung Trump dalam pencalonannya kembali sebagai Presiden AS. Dukungan ini datang pasca upaya pembunuhan terhadap Trump tersebut.Menurut Indodax, dukungan dari kedua tokoh itu terhadap Trump menambah warna baru pada dinamika pasar kripto dan menjadi harapan bagi kebijakan yang lebih ramah terhadap kripto jika Trump terpilih kembali. Ini terlihat dari harga Bitcoin yang sebelumnya berada di harga 58,300 dolar AS menjadi 63,015 dolar AS.Selain itu, data Indeks Harga Konsumen (Consumer Price Index/CPI) Amerika juga cukup memberikan dampak terhadap pasar kripto. Inflasi di AS pada bulan Juni, yang diukur dengan perubahan CPI, menurun menjadi 3 persenyear-on-year(YoY) sesuai data diU.S. Bureau of Labor Statistics.Baca juga:CEO Indodax respon langkah Bank of Italy keluarkan pedoman kriptoAngka itu mengejutkan pasar karena lebih rendah dari ekspektasi mereka sebesar 3,1 persen. Turunnya angka ini juga merupakan penurunan dari 3,3 persen yang tercatat pada bulan Mei, menunjukkan penurunan sebesar 0,1 persen dari bulan sebelumnya.Oscar mengatakan bahwa data CPI merupakan salah satu indikator ekonomi yang sangat diperhatikan oleh para pelaku pasar, termasuk investor kripto.Perubahan tingkat inflasi yang diukur melalui CPI dapat mempengaruhi kebijakan moneter Federal Reserve, yang pada akhirnya berdampak pada pergerakan harga aset kripto.“Koreksi yang terjadi di pasar kripto saat data CPI dirilis merupakan reaksi yang wajar mengingat ketidakpastian yang ada,” kata Oscar.Baca juga:INDODAX: Integrasi Bitcoin ke perbankan mempercepat inklusi keuanganPewarta: Rizka KhaerunnisaEditor: Evi RatnawatiCopyright © ANTARA 2024",2024-07-17,netral
Dokter: Anak sehat lebih baik tidak konsumsi makanan olahan ultra,https://www.antaranews.com/berita/4201278/dokter-anak-sehat-lebih-baik-tidak-konsumsi-makanan-olahan-ultra,"Jakarta (ANTARA) -Ketua Ikatan Dokter Anak Indonesia (IDAI) dr. Piprim Basarah Yanuarso Sp.A (K) mengatakan anak yang sehat lebih baik tidak mengonsumsi makanan olahan ultra (ultra processed food) untuk menghindari masalah kesehatan di kemudian hari.“Secara umum anak-anak sehat jauh lebih baik tidak mengkonsumsi ultra proses food maupun junk food, keduanya tidak baik bagi kesehatan anak-anak yang sehat,” Piprim saat ditemui ANTARA di kantor IDAI, Rabu.Piprim mengatakan makanan dengan pemrosesan ultra memiliki kandungan yang minim serat namun sangat tinggi kalori dan gula. Hal itu dapat membuat indeks glikemik pada pada tubuh meningkat sehingga langsung mengubah makanan menjadi gula.Baca juga:Ahli gizi anjurkan pemberian makanan sumber protein hewani pada anakBaca juga:Tips jaga asupan makanan sehat untuk anak berusia satu tahunGula dalam tubuh yang berlebihan inilah yang menyebabkan potensi adiktif dan membuat anak menjadi ketergantungan makanan olahan. Selain itu, makanan olahan ultra memiliki rasa yang sangat lezat sehingga menyebabkan palet rasa anak menjadi terlalu tinggi dan tidak mengenal rasa makanan asli.Kecanduan makanan olahan, kata Piprim, berakibat anak bisa menderita berbagai macam penyakit metabolik seperti obesitas, dislipidemia (kolesterol tinggi) hingga hipertensi.“Kalau anak kita mengonsumsi (ultra processed food)di pasaran bebas ini akan sangat adiktif dan over konsumsi, sehingga akibatnya akan menjadi over kalori, obesitas dan seterusnya,” katanya.Dibandingkan mengonsumsi makanan olahan, Piprim menganjurkan untuk memberi anak makanan asli (real food) seperti buah utuh dan bukan jus buah dalam kemasan. Selain itu, penting juga untuk memberikan kalori pada anak dengan jumlah yang cukup dan dari makanan alami seperti daging merah atau daging unggas.Ia juga menyarankan orang tua untuk tidak menyediakan makanan olahan agar anak tidak terbiasa mengonsumsinya, dan lebih sering untuk menyajikan makanan rumahan yang dimasak sendiri.“Membatasi sedemikian rupa supaya di rumah atau di lemari es tidak disiapkan aneka makanan yang berupa UPF, kedua siapkanlah makanan alamiah di lemari es atau di lemari berupa buah, sayuran, telur, ikan, itu aneka olahan real food insya Allah lebih baik,” kata dokter yang praktek di Rumah Sakit Cipto Mangunkusumo ini.Baca juga:BPOM didik anak sekolah pilih makanan sehat lewat Germas SapaBaca juga:IDAI sebut konsumsi makanan lokal kaya protein hewani cegah stuntingBaca juga:Publik figur: Ilmu dari posyandu cegah anak konsumsi makanan tak sehatPewarta: Fitra AshariEditor: Zita MeirinaCopyright © ANTARA 2024",2024-07-17,netral
Pakar: Surplus perdagangan menyempit akibat penurunan ekspor dan impor,https://www.antaranews.com/berita/4201269/pakar-surplus-perdagangan-menyempit-akibat-penurunan-ekspor-dan-impor,"Pada Juni 2024, Indonesia mencatat surplus perdagangan sebesar 2,39 miliar dolar AS, menandai surplus perdagangan selama 50 bulan berturut-turutJakarta (ANTARA) -Ekonom Lembaga Penyelidikan Ekonomi dan Masyarakat Fakultas Ekonomi dan Bisnis Universitas Indonesia (LPEM FEB UI) Teuku Riefky mengatakan surplus perdagangan Indonesia menyempit akibat penurunan ekspor dan impor.""Pada Juni 2024, Indonesia mencatat surplus perdagangan sebesar 2,39 miliar dolar AS, menandai surplus perdagangan selama 50 bulan berturut-turut,"" kata Riefky di Jakarta, Rabu.Namun, angka itu merupakan penurunan 18,30 persenmonth to month(mtm) dibandingkan dengan surplus 2,93 miliar dolar AS pada Mei 2024.Riefky menuturkan penurunan neraca perdagangan disebabkan oleh penurunan ekspor dan impor secara simultan, dengan ekspor mengalami penurunan yang lebih signifikan daripada impor.Ekspor bernilai 20,84 miliar dolar AS pada Juni 2024, turun 6,65 persen (mtm) dibandingkan dengan bulan sebelumnya dan meningkat 1,17 persenyear on year(yoy) dibandingkan dengan periode yang sama tahun lalu.Penurunan ekspor disebabkan oleh penurunan ekspor migas dan nonmigas. Ekspor migas turun 13,24 persen (mtm) menjadi 1,23 miliar dolar AS, sedangkan ekspor nonmigas turun 6,21 persen (mtm) menjadi 19,61 miliar dolar AS.Penurunan ekspor migas disebabkan oleh penurunan lifting minyak bumi yang mencapai rata-rata 561 ribu barel per hari pada semester I-2024, turun 7,27 persen dibandingkan periode yang sama tahun lalu.Di antara sepuluh kontributor utama ekspor nonmigas pada Juni 2024, delapan di antaranya mencatatkan penurunan bulanan.Bahan bakar mineral turun 1,86 persen (mtm) menjadi 3,24 miliar dolar AS, sedangkan besi dan baja turun 4,32 persen (mtm) menjadi 2,70 miliar dolar AS.Penurunan ekspor non-migas disebabkan oleh penurunan permintaan dari mitra dagang utama Indonesia.Ekspor ke Tiongkok, ASEAN, Amerika Serikat, Uni Eropa, dan Jepang mengalami penurunan bulanan masing-masing sebesar 1,72 persen (mtm), 4,47 persen (mtm), 9,99 persen (mtm), 24,87 persen (mtm), dan 30,14 persen (mtm).Pada Juni 2024, impor mencapai 18,45 miliar dolar AS, mencerminkan penurunan 4,89 persen (mtm) dari 19,40 miliar dolar AS pada bulan sebelumnya dan meningkat 7,58 persen (yoy) dari periode yang sama tahun sebelumnya.Penurunan impor bulanan didorong oleh penurunan impor bahan baku dan barang modal, sebagian disebabkan oleh depresiasi rupiah, yang membuat barang impor relatif lebih mahal. Impor bahan baku turun 3,41 persen (mtm) menjadi 12,36 miliar dolar AS, sementara impor barang modal turun 14,51 persen (mtm) menjadi 3,20 miliar dolar AS.Sebaliknya, impor barang konsumsi meningkat 2,48 persen (mtm) pada Juni 2024, mencapai 1,59 miliar dolar AS.Penurunan impor bahan baku dan barang modal tercermin dari penurunan Purchasing Managers' Index (PMI) Indonesia yang turun menjadi 50,7 pada Juni 2024 dari 52,1 pada Mei 2024. Meskipun masih berada di wilayah ekspansif, hal itu menandai indeks terendah dalam tiga belas bulan terakhir.Penurunan PMI didorong oleh melambatnya permintaan global, yang menyebabkan berkurangnya aktivitas produksi domestik di Indonesia.Presiden Konfederasi Serikat Pekerja Indonesia (KSPN) melaporkan bahwa pada semester I-2024, enam pabrik tekstil berhenti beroperasi dan empat pabrik lainnya mengurangi tenaga kerjanya karena masalah efisiensi.Baca juga:BI: Surplus neraca perdagangan topang ketahanan eksternal perekonomianBaca juga:BPS catat neraca perdagangan RI surplus hingga 50 bulan beruntunBaca juga:Kemenkeu: Surplus neraca dagang bukti ketahanan ekonomi RIPewarta: Martha Herlinawati SimanjuntakEditor: Faisal YuniantoCopyright © ANTARA 2024",2024-07-17,netral
Ekonom perkirakan BI-Rate tetap karena inflasi domestik terkendali,https://www.antaranews.com/berita/4201263/ekonom-perkirakan-bi-rate-tetap-karena-inflasi-domestik-terkendali,"Bank Indonesia (BI) diperkirakan akan kembali mempertahankan BI-Rate tetap di level 6,25 persen mempertimbangkan ketidakpastian global dan domestikJakarta (ANTARA) -Kepala Ekonom Bank Permata Josua Pardede memperkirakan BI-Rate akan tetap di level 6,25 persen di tengah ketidakpastian global dan inflasi domestik yang terkendali.""Bank Indonesia (BI) diperkirakan akan kembali mempertahankan BI-Rate tetap di level 6,25 persen mempertimbangkan ketidakpastian global dan domestik yang sedang berlangsung, meskipun indikator-indikator ekonomi Amerika Serikat menunjukkan pelemahan,"" kata Josua kepada ANTARA di Jakarta, Rabu.Di dalam negeri, tingkat inflasi Indonesia cenderung terkendali karena peningkatan pasokan pangan setelah musim panen raya.Berdasarkan data Badan Pusat Statistik (BPS), Indeks Harga Konsumen (IHK) secara tahunan menurun menjadi 2,51 persenyear on year(yoy) dari realisasi bulan sebelumnya sebesar 2,84 persen (yoy).Selain itu, neraca perdagangan Indonesia terus mencatat surplus, meskipun menyempit, sehingga mendorong berlanjutnya defisit neraca transaksi berjalan (CAD) meskipun masih dalam level yang terkendali. Faktor-faktor itu berkontribusi pada stabilitas ekonomi.Namun, risiko-risiko muncul dari meningkatnya ketidakpastian mengenai keberlanjutan fiskal, yang berasal dari perbedaan pendapat mengenai utang publik dan defisit fiskal. Hal itu menimbulkan kekhawatiran akan terjadinyatwin deficit,dengan melebarnya defisit neraca transaksi berjalan dan defisit fiskal.Isu-isu tersebut memicu sentimenrisk-off, yang berpotensi membatasi aliran modal masuk dan mempengaruhi stabilitas rupiah.Secara global, indikator-indikator ekonomi AS baru-baru ini mengonfirmasi perlambatan ekonomi AS, dengan sektor manufaktur dan jasa yang mengalami kontraksi, disinflasi yang terus berlanjut, dan pasar tenaga kerja yang melemah.Namun, ketidakpastian global juga cenderung meningkat, terutama terkait dengan kondisi politik di Zona Euro dan AS. Perubahan kepemimpinan di Inggris dan Perancis telah membuat investor lebih berhati-hati karena mereka menilai kembali potensi dampak dari kebijakan ekonomi baru di pasar keuangan, terutama pasar obligasi.Selain itu, upaya penembakan terhadap Trump telah meningkatkan peluangnya untuk memenangkan pemilu AS yang akan datang, meningkatkan ketidakpastian pasar karena kemungkinan kebijakannya seperti kebijakan perdagangan yang restriktif dan pemotongan pajak yang diusulkan, yang dapat meningkatkan inflasi.Secara keseluruhan, sentimenrisk-offmeningkat, dan permintaan terhadap aset-asetsafe-havenmenguat, membatasi pelemahan indeks dolar AS di tengah melemahnya data ekonomi AS.""Kami memperkirakan bahwa arah kebijakan moneter BI di masa depan terkait BI-Rate akan sangat bergantung pada perkembangan kondisi ekonomi dan politik global, terutama di AS,"" ujar Josua.Meskipun pasar saat ini mengantisipasi dua kali penurunan Fed Funds Rate (FFR) pada 2024, mulai dari bulan September, ia tetap berpandangan bahwa The Fed hanya akan menurunkan FFR satu kali, yakni di kuartal IV-2024.Fed diperkirakan akan datadependent, dan juga mempertimbangkan aspek-aspek yang lebih luas dari ekonomi AS, termasuk implikasi dari dinamika politik domestik di tengah pemilihan umum tahun ini.Josua masih melihat bahwa peluang penurunan BI-Rate akan muncul ketika The Fed memulai penurunan FFR.""Oleh karena itu, kami tetap mengantisipasi bahwa BI akan mempertahankan BI-Rate di level 6,25 persen hingga akhir 2024 dan ruang penurunan suku bunga BI diperkirakan akan lebih terbuka pada kuartal I-2025,"" tuturnya.Baca juga:Asosiasi pengusaha harap BI tak naikkan suku bungaBaca juga:Ekonom: BI perlu pertahankan suku bunga BI-Rate di level 6,25 persenBaca juga:Rupiah melemah usai RDG BI pertahankan suku bunga BI-RatePewarta: Martha Herlinawati SimanjuntakEditor: Faisal YuniantoCopyright © ANTARA 2024",2024-07-17,netral
Pelajar Indonesia di Hongaria gelar konferensi perdana teknologi hijau,https://www.antaranews.com/berita/4201248/pelajar-indonesia-di-hongaria-gelar-konferensi-perdana-teknologi-hijau,"Jakarta (ANTARA) - Perhimpunan Pelajar Indonesia – Hongaria (PPIH) pada tahun 2024 untuk pertama kalinya menggelar The1st International Conference on Sustainability, Environment and Technology (IC-SET) 2024 yang bertujuan untuk memahami tantangan adaptasi terhadap keberlanjutan dan teknologi hijau.Ketua Umum PPI Hongaria Haekal Ansyari melalui keterangan resmi yang diterima di Jakarta, Rabu, menjelaskan bahwa konferensi internasional diadakan oleh PPI Hongaria sebagai wujud kepedulian dan tanggung jawab mahasiswa Indonesia di luar negeri dalam ide dan gagasan berupa hasil penelitian untuk kemajuan bangsa Indonesia.Selain itu, PPI Hongaria yang menggandeng Perhimpunan Pelajar Indonesia Dunia (PPID) sebagaico-host, juga berharap konferensi dapat melahirkan hasil-hasil riset yang kreatif, inovatif dan solutif bagi bangsa Indonesia dalam menghadapi persoalan-persoalan yang ada.Wakil Koordinator PPI Dunia yang juga Steering Committee Pelaksanaan Simposium Internasional ke XVI Marhadi meyakini akan ada ide, gagasan dan hasil temuan yang ilmiah yang nantinya akan dibawa dan dipadukan sebagai dokumen untuk pemerintah Republik Indonesia.Dalam perkembangan global saat ini, katanya, penting untuk menempatkan pembangunan berkelanjutan dengan berbagai pendekatan, serta berbagai solusi praktis mengenai keterkaitan ilmu pengetahuan dan kebijakan dan potensinya dalam konteks global.Tema-tema konferensi tidak akan terbatas pada isu keberlanjutan saat ini dan perkembangannya, tetapi para pembicara diharapkan dapat berkontribusi pada diskusi mengenai peran Indonesia yang berkelanjutan di masa depan dalam konteks global.Adapun selain untuk memahami tantangan adaptasi terhadap keberlanjutan dan teknologi hijau, konferensi juga bertujuan untuk memperoleh wawasan tentang keberlanjutan teknologi hijau.Selain itu, konferensi tersebut juga akan mendiskusikan keterkaitan antara sintesis sains-kebijakan dalam berbagai disiplin ilmu pengetahuan dan pendekatan.Para peneliti muda, mahasiswa doktoral, magister, dan sarjana dari semua disiplin ilmu diminta untuk mempresentasikan hasil penelitian dan akan diterbitkan dalam sebuah “book of abstracts” atas termasuk naskah terpilih akan direkomendasikan ke jurnal kerja sama yang terkait dengan indeks Scopus, dan Jurnal Terakreditasi Nasional.PPIH dan PPID berharap konferensi akan menjadi momentum yang tepat untuk membangun kerjasama dan kemitraan dengan berbagai akademisi, mengingat anomali mahasiswa Indonesia yang studi di Eropa pada umumnya dan Hongaria pada khususnya yang terus bertambah.Baca juga:PPI Tiongkok dorong kesadaran pelajar untuk atasi perubahan iklimBaca juga:KJRI Sydney dukung pelajar Australia perdalam Bahasa IndonesiaBaca juga:PPI Hongaria gelar webinar bertajuk menuju Indonesia Emas 2045Pewarta: Kuntum Khaira RiswanEditor: M Razi RahmanCopyright © ANTARA 2024",2024-07-17,netral
IHSG diprediksi menguat jelang rilis suku bunga Bank Indonesia,https://www.antaranews.com/berita/4201245/ihsg-diprediksi-menguat-jelang-rilis-suku-bunga-bank-indonesia,"Hari ini IHSG berpotensi teknikal rebound efek naiknya bursa Amerika Serikat (AS)Jakarta (ANTARA) -Indeks Harga Saham Gabungan (IHSG) Bursa Efek Indonesia (BEI) pada Rabu, diperkirakan bergerak menguat menjelang pengumuman suku bunga acuan Bank Indonesia (BI).IHSG dibuka menguat 10,34 poin atau 0,14 persen ke posisi 7.289,20. Sementara itu, kelompok 45 saham unggulan atau Indeks LQ45 naik 1,67 poin atau 0,06 persen ke posisi 914,26.""Hari ini IHSG berpotensi teknikal rebound efek naiknya bursa Amerika Serikat (AS). Selain itu, hari ini juga akan menunggu data BI Rate yang diproyeksikan tetap. LevelsupportIHSG di 7.150 sampai 7.200, sedangkan levelresistberada di 7.250 sampai 7.280,"" ujar Head of Retail Research Analyst BNI Sekuritas Fanny Suherman di Jakarta, Rabu.Setelah Rapat Dewan Gubernur (RDG) pada hari ini, Bank Indonesia (BI) akan mengumumkan keputusan terkait suku bunga acuannya.Saham Asia dibuka beragam karena sentimen positif dari komentar Ketua The Fed AS, didorong perlambatan pertumbuhan ekonomi China.Ketua The Fed Jerome Powell pada Senin, mengatakan tiga rilis inflasi AS selama 2Q24 ""menambah keyakinan"" bahwa laju kenaikan harga kembali ke target The Fed secara berkelanjutan, pernyataan yang menunjukkan peralihan ke penurunan suku bunga mungkin tidak akan lama lagi.Data PCE bulan Juni akan dirilis minggu depan. Di sisi lain, perekonomian China melambat.Berdasarkan data yang dirilis, perekonomian hanya tumbuh 4,7 persenyear on year(yoy) pada kuartal II-24.Sementara itu, indeks-indeks Wall Street menguat pada Selasa (16/07), indeks Dow Jones menguat lebih dari 700 poin hingga mencatat rekor tertinggi sepanjang masa lagi dan menjadi hari terbaik dalam lebih dari setahun, atau melonjak 742,76 poin (1,85 persen) ke level 40.954,48.Sedangkan, indeks S&P 500 naik 0,64 persen ditutup ke 5.667,20, indeks Nasdaq Composite mencatat kenaikan sebesar 0,2 persen menjadi 18.509,34, tertinggal karena saham-saham teknologi sebagian besar tidak ikut dalam reli pada perdagangan Selasa.Sementara itu, indeks Russell 2000 yang berfokus pada kapitalisasi kecil melonjak lebih dari 3 persen untuk kenaikan hari kelima berturut-turut. Saham Caterpillar melejit lebih dari 4 persen, menjadikannya peraih keuntungan terbesar kedua di Dow Jones setelah UnitedHealth.Perusahaan asuransi tersebut naik 6,5 persen karena hasil kuartal kedua yang lebih baik dari perkiraan.Bursa saham regional Asia pagi ini antara lain, indeks Nikkei menguat 14,19 poin atau 0,03 persen ke 41.289,30, indeks Hang Seng melemah 1,71 poin atau 0,01 persen ke 17.726,26, indeks Shanghai melemah 11,30 poin atau 0,38 persen ke 2.965,00, dan indeks Straits Times menguat 1,21 poin atau 0,03 persen ke 3.489,12.Baca juga:Saham Semen Indonesia masuk daftar konstituen Indeks Pefindo i-GradeBaca juga:OJK: Penurunan rating saham di RI dipengaruhi faktor fiskal domestikBaca juga:Pefindo : Penerbitan obligasi korporasi Rp90 triliun di semester IIPewarta: Muhammad HeriyantoEditor: Faisal YuniantoCopyright © ANTARA 2024",2024-07-17,netral
"IHSG Rabu dibuka menguat 33,98 poin",https://www.antaranews.com/berita/4201215/ihsg-rabu-dibuka-menguat-3398-poin,"Jakarta (ANTARA) -Indeks Harga Saham Gabungan (IHSG) Bursa Efek Indonesia (BEI) pada Rabu pagi dibuka menguat 33,98 poin atau 0,47 persen ke posisi 7.258,27.Sementara itu, kelompok 45 saham unggulan atau Indeks LQ45 naik 7,15 poin atau 0,79 persen ke posisi 911,70.Baca juga:IHSG ditutup melemah ikuti mayoritas bursa kawasan AsiaBaca juga:IHSG diprediksi menguat terbatas di tengah ""wait and see"" atas RDG BIBaca juga:IHSG Selasa dibuka menguat 10,34 poinPewarta: Muhammad HeriyantoEditor: Kelik DewantoCopyright © ANTARA 2024",2024-07-17,netral
Jakarta-Medan masuk empat teratas kota paling berpolusi dunia,https://www.antaranews.com/berita/4201092/jakarta-medan-masuk-empat-teratas-kota-paling-berpolusi-dunia,"Jakarta (ANTARA) - DKI Jakarta dan Medan masuk dalam daftar empat kota teratas dengan kualitas udara terburuk atau paling berpolusi di dunia pada Rabu pagi, berdasarkan data situs pemantau kualitas udara IQAir.Kualitas udara di DKI Jakarta pada pukul 07.00 WIB berada dalam kategori tidak sehat dengan indeks kualitas udara (AQI) berada di angka 153, serta angka partikel halus (particulate matter/PM) 2,5 memiliki konsentrasi polutan 59 mikrogram per meter kubik.Konsentrasi tersebut setara 11, 8 kali dari nilai panduan kualitas udara tahunan Organisasi Kesehatan Dunia (WHO).Kota dengan kualitas udara terburuk di dunia berada di Lahore, Pakistan dengan indeks kualitas udara pada angka 167, kemudian Kinshasa, Kongo dengan indeks 157.Kota Medan menduduki peringkat ketiga kota paling berpolusi di dunia dengan indeks 157, disusul Jakarta pada posisi keempat dengan indeks yang sama di angka 153.Sejumlah wilayah di Jakarta yang tercatat memiliki kualitas udara dengan kategori tidak sehat, yakni Kompleks Menteri Widya Chandra Jakarta Selatan, Jeruk Purut, Kemayoran, Cilandak Barat, Kebon Jeruk dan Kemang.Masyarakat pun direkomendasikan untuk menghindari aktivitas luar ruangan, mengenakan masker saat di luar, menutup jendela untuk menghindari udara luar yang kotor, serta menyalakan penyaring udara.Sementara itu, Sistem Informasi Lingkungan dan Kebersihan Dinas Lingkungan Hidup Provinsi DKI Jakarta mencatat bahwa kualitas udara di Jakarta secara keseluruhan untuk polusi udara PM2,5 berada pada kategori sedang dengan indeks angka 86.Kategori sedang berarti tingkat kualitas udara tidak berpengaruh pada kesehatan manusia ataupun hewan tetapi berpengaruh pada tumbuhan yang sensitif dan nilai estetika.Sejumlah wilayah yang tercatat berada pada kategori udara sedang, yakni Bundaran HI, Kelapa Gading, Jagakarsa dan Lubang Buaya.Baca juga:Kualitas udara Jakarta terburuk keenam di dunia pada Selasa pagiBaca juga:Anggota DPRD DKI minta uji emisi harus masif agar efektif atasi polusiBaca juga:Pemprov tingkatkan uji emisi kendaraan keluar masuk JakartaPewarta: Mentari Dwi GayatiEditor: Edy SujatmikoCopyright © ANTARA 2024",2024-07-17,netral
