periode,label,headline,content,predik
5/24/2024,Berita Aceh,"miris, seorang ayah di aceh timur tega cabuli anak kandung",kasat reskrim jelas kasus ini kuak pada hari minggu malam ketika korban sebut saja bunga tahun cerita kepada keluarga bahwa laku yakni sa yang tidak lain ayah kandung korban cabul diri lapor maulid alfata aceh timur serambinewscom idi orang ayah di aceh timur inisial sa ringkus polisi karena tega cabul anak kandung sendiri iya benar tadi malam anggota kami aman orang lakilaki yang duga laku tindak jarimah perkosa dan atau leceh seksual hadap anak yang laku oleh orang tua wali hadap anak kandung kata kasat reskrim polres aceh timur polda aceh iptu muhammad rizal jumat sebut laku inisial sa tahun warga camat peureulak timur aman dasar lapor polisi nomor lpgarbvspktpolres aceh timurpolda aceh tanggal mei kasat reskrim jelas kasus ini kuak pada hari minggu malam ketika korban sebut saja bunga tahun cerita kepada keluarga bahwa laku yakni sa yang tidak lain ayah kandung korban cabul diri korban awal anak yang diam dan turut tetapi turut terang dari ibu belakang korban jadi marah dan sering lawan perintah ungkap rizal lebih lanjut mantan kasat reskrim polres pidie polda aceh ini sebut atas ubah perilaku putri sebut ibu korban sama keluarga besar tanya ada masalah apa situ korban aku bahwa sa telah cabul diri banyak dua kali tahun dan dengar aku korban dan rasa berat atas buat suami hadap putri ibu korban datang spkt polres aceh timur untuk buat lapor polisi pada tanggal mei tahu buat sudah tahu oleh keluarga istri dan lapor ke polisi sa kabur tinggal rumah dan rantau ke jumlah wilayah di luar aceh baca juga jual mie ayam cabul anak gadis jual ayam penyet di semarang laku ajak korban ke losmen lanjut pada hari kamis sekira pukul wib anggota opsnal satreskrim polres aceh timur oleh informasi bahwa laku telah aman oleh warga kampung di mana keluarga sa tinggal lanjut sa bawa ke satreskrim polres aceh timur untuk mempertanggungjawabkan buat atas buat sa sangka pasal jo pasal qanun aceh nomor tahun tentang hukum jinayat terang kasat reskrim baca juga bejat kakek tahun di sumut cabul cucu banyak kali di kebun sawit korban hamil bulan,XX
6/24/2024,Berita Aceh,"kmp aceh hebat 2 dari sabang ke banda aceh penuh, puluhan sepeda motor dan mobil tak terangkut",kmp aceh hebat trip akhir tinggal labuh balohan sabang tuju labuh ulee lheu banda aceh sekitar pukul wib senin lapor aulia prasetya sabang serambinewscom sabang puluh sepeda motor maupun mobil di labuh balohan sabang senin malam tak angkut karena muat kmp aceh hebat penuh hal itu di karena tingkat jumlah kunjung ke kota sabang lama libur panjang sekolah ini amat serambinewscom kapal lambat kmp aceh hebat trip akhir tinggal labuh balohan sabang tuju labuh ulee lheu banda aceh sekitar pukul wib senin sedang kmp brr dalam masa awat salah satu tumpang rudi warga medan aku paksa tidak berangkat pada malam hari ini saya sama keluarga sedang libur di sabang sudah dua hari saya di sini pantai bagus masyarakat juga ramahramah kata rudi baca juga cegah rabies dinas tani sabang gandeng perbakin untuk tembak anjing liar ini jadwal imbau rencana sore tadi saya berangkat meninggallkan sabang namun karena ramai yang berangkat jadi kami tidak lewat mobil karena posisi antre di belakang sambung sementara itu ia aku tidak masalah harus inap malam di labuh kota sabang karena turut sabang masih golong aman namun mereka tetap harus berhatihati informasi malam ini tidak ada jadwal berangkat lagi yang ada besok pagi jadi kami harus inap malam lagi di kota sabang tutup rudi,XX
6/17/2024,Berita Aceh,ingin liburan ke sabang? berikut jadwal kapal roro edisi selasa 18 juni 2024,lapor aulia prasetya sabang serambinewscom sabang seberang dari labuh ulee lheue banda aceh ke labuh balohan sabang maupun balik layan dengan kapal ferry atau kapal roro dan kapal cepat tentu jika dengan kapal cepat hanya bisa angkut tumpang saja sedang jika dengan kapal ferry juga bisa angkut kendara kapal ferry yang layan rute banda acehsabang pulang pergi yakni kapal motor seberang kmp aceh hebat dan kmp brr adapun waktu yang tempuh dengan kapal roro sebut sekitar dua jam lama jalan ikut jadwal berangkat kmp aceh hebat dan kmp brr tuju sabang dan balik untuk selasa juni berangkat dari labuh balohan sabangulee lheue banda acehkmp brr berangkat pukul wib kmp aceh hebat berangkat pukul wibkmp brr berangkat pukul wibkmp aceh hebat berangkat pukul wib berangkat dari labuh ulee lheue banda acehbalohan sabangkmp aceh hebat berangkat pukul wibkmp brr berangkat pukul wibkmp aceh hebat berangkat pukul wibkmp brr berangkat pukul wib adapun harga tiket tumpang dewasa besar rp per orang dan rp untuk bayi sedang tarif tiket kendara roda dua rp unit plus sudah mengcover dengan tiket kendara sementara untuk mobil tarif besar rp unit plus sudah mengcover tumpang lain di dalam,Z5
6/10/2024,Berita Aceh,"hari ini terakhir keberangkatan jch ke tanah suci, jumat menuju arafah, ini kata menteri agama",sampai saat ini catat jemaah haji dan tugas kloter kelompok terbang yang sudah tiba di arab saudi mereka gabung dal kloter lapor khalidin umar barat arab saudi serambinewscom makkah fase berangkat jamaah calon haji atau jch sudah hampir final menteri agama yaqut cholil qoumas nilai tahap ini jalan lancar wartawan serambi indonesia tribun network khalidin umar barat selaku tugas media center haji mch dari arab saudi lapor hari ini senin rupa hari akhir berangkat jamaah dari tanah air ke arab saudi berangkat jemaah haji indonesia langsung sejak mei sampai saat ini catat jemaah haji dan tugas kloter kelompok terbang yang sudah tiba di arab saudi mereka gabung dal kloter banyak darat di bandara amir muhammad bin abdul aziz amaa madinah baca juga video rudal antitank hizbullah terbang sasar bangun tentara israel di galilea sementara kloter darat di king abdul aziz international airport kaaia jeddah masih ada kloter yang akan darat di jeddah hingga juni alhamdulillah berangkat jemaah sudah jelang akhir jauh ini semua lancar kecuali beberapa terbang yang memang kita tahu ada masalah khusus dari garuda indonesia sebut menag tiba di bandara internasional jeddah minggu sekarang kita fokus siap layan baik yang bisa perintah ikan kepada para jemaah haji sambung kata menag pihak sama seluruh tugas selenggara ibadah haji ppih terus upaya beri layan baik kepada jemaah haji koordinasi dan komunikasi dengan perintah arab saudi terus laku menag syukur atas komunikasi dan respons baik dari perintah arab saudi baca juga video lagi tiga jabat israel undur diri tak arah dengan netanyahu,XX
6/5/2024,Berita Aceh,bpma dukung sikap pemerintah terkait tambang migas rakyat,alhamdulillah api sudah padam dan tidak ada korban jiwa akibat jadi bakar sebut radhi darmansyah kepala divisi formalitas hubung eksternal dan sekuriti kkks serambinewscom banda aceh badan kelola migas aceh bpma dukung perintah cari solusi yang efektif kait tambang migas rakyat khusus untuk aspek lingkung dan selamat hal ini sampai oleh kepala divisi formalitas hubung eksternal dan sekuriti kkks radhi darmansyah lalu terang tulis selasa untuk saat ini lapor dapat sumur masyarakat di sekitar wilayah yang bakar di gampong alue canang camat birem bayeum aceh timur jumlah sumur sebut ada di wilayah open area yang belum milik kontrak kerja sama kks jelas radhi untuk tahu tugas dan wewenang bpma hanya batas pada wilayahwilayah yang sudah milik kks dengan bpma bpma awas wilayah kerja di darat dan laut aceh hingga batas mil kait jadi sumur minyak tradisional yang kembali ledak di desa alue canang camat birem bayeun aceh timur jumat lalu radhi sebut pihak terus koordinasi dengan pihak polisi yang pantau dan awas lokasi sebut bpma juga sudah minta medco ep malaka selaku kkks dekat untuk laku observasi ke lokasi dan kumpul informasi yang butuh sebut dari informasi sebut tahu bahwa letak sumursumur masyarakat yang bakar meter di luar batas wilayah kerja block a medco ep malaka wilayah sebut di luar wilayah wenang bpma sehingga mereka tidak milik wenang hadap wilayah sebut kata bpma terus usaha untuk beri masuk dan cari solusi kepada perintah agar jadi ini tidak ulang dan dapat beri manfaat baik untuk negara dan masyarakat saat ini sumursumur sebut masih milik tekan namun tidak dapat tahu dengan pasti berapa besar tekan karena tidak dapat pressure gauge pada sumur sebut luas lokasi dari tambang masyarakat sebut kurang lebih sekitar hektare alhamdulillah api sudah padam dan tidak ada korban jiwa akibat jadi bakar sebut papar radhi kait peristiwa ini ia imbau agar giat tambang minyak dan gas harus perhati aspek selamat dan aspek lingkung hidup dua aspek ini yang harus cari jalan keluar sehingga tidak jadi lagi celaka dan bakar dia tambah bpma dalam beberapa tahun ini aktif untuk terus cari solusi atas tambang migas rakyat sebut sebut harus ada solusi cara legalperundangan yang dapat payung aktivitas masyarakat sebut namun dengan awas yang ketat hadap aspek selamat dan aspek lingkung salah satu solusi terobos yang laku oleh bpma adalah di kontrak kerja sama bireuensigli bpma dan kkks dalam kontrak sebut sepakat untuk mengakomodir peran serta masyarakat dalam giat eksploitasi dalam bentuk kerja sama lalu koperasibumd ujar radhi namun perlu payung hukum lanjut agar klusul dalam kontrak kerja sama sebut dapat jalan dengan begitu bpma serta kkks dapat langsung bina dan awas giat masyarakat sehingga aspek selamat dan aspek lindung lingkung dapat terjagamun,Z3
4/18/2024,Berita Aceh,kejari bireuen damaikan kasus penganiayaan yang berujung pengibaran bendera gam di polsek samalanga,pihak kejar bireuen pun kamis hasil damai kasus aniaya ini lalu restorative justice atau selesai perkara cara damai tanpa lanjut ke proses hukum di adil lapor yusmandin idris i bireuen serambinewscom bireuen masih ingat kasus kibar bendera gam atau bulan bintang di mapolsek samalanga kabupaten bireuen jumat yang viral itu kasus ini dilatarbelakangi perkara aniaya yang lapor ke polsek samalanga dan laku rasa kurang puas atas tangan perkara ini di polsek tempat kini perkara itu sudah tiba di jaksa negeri atau kejar bireuen pihak kejar bireuen pun kamis hasil damai kasus aniaya ini lalu restorative justice atau selesai perkara cara damai tanpa lanjut ke proses hukum di adil sangka kasus aniaya ini inisial mk dan korban inisial m kajari bireuen h munawal had sh mh lalu kasi intelijen abdi fikri sh mh dalam rilis cerita perkara aniaya ini mula pada oktober baca juga laku pasang bendera bulan bintang di pagar polsek samalanga minta maaf saat itu korban m sedang ada di kios desa alue barat camat samalanga bireuen tibatiba datang korban dan memberitahukan bahwa sangka mk ingin bakar becak jual milik kakak kandung korban dengar hal sebut korban langsung pergi tuju tempat becak jual sebut dan korban lihat semua ban becak sebut sudah bocor telah lihat itu m langsung pergi tuju rumah mk namun tgk imum gampong henti korban telah itu m lihat mk keluar dari rumah dengan bawa besi ulir yang biasa guna untuk kupas kelapa dan bilah parang di tangan kiri kemudian tanya kepada mk kenapa dibocorin ban becak abang baca juga viral bendera bulan bintang kibar di polsek samalanga kapolres bireuen ke tkp begini fakta,XX
5/5/2024,Berita Aceh,mahasiswa uniki dan umuslim ikut bantu penerimaan pps,lapor yusmandin idris bireuen serambinewscom bireuen banyak empat mahasiswa fakultas komputer dan multimedia fikom universitas islam bangsa indonesia unik bireuen serta tiga mahasiswa fakultas fisip universitas almuslim peusangan bireuen sabtu ikut bantu terima panitia mungut suara pps di kip bireuen tujuh mahasiswa sejak beberapa waktu lalu laku praktek kerja lapang di kip bireuen amat serambinewscom para mahasiswa bagi tugas layan para lamar pps empat mahasiswa fikom yaitu arif alfarizi mahlil khuzairi zahrial muhafauzi dan hera fazira sementara tiga mahasiswa fisip umuslim yaitu m fajar akmalul aklianti dan ninda aswari m abrar anggota kip bireuen kepada serambinewscom kata hadir para mahasiswa laku tugas praktek lapang dengan lokasi di kip bireuen sangat bantu jajar kip apalagi saat ini sedang tahap terima ppk dan pps mereka pandu untuk layan daftar jelas tugas tugas dikoordinir para pegawai kip mereka para mahasiswa yang sedang praktek di kip bireuen juga minta untuk tidak daftar bagai pps karena bagai orang yang bantu terima pps dan juga akan paham cara hadap dengan masyarakat ujar,XX
6/11/2024,Berita Aceh,pemkot jakpus evaluasi pelayanan rsud cempaka putih,jakarta antara perintah kota administrasi jakarta pusat laku pantau dan evaluasi kerja selenggara layan publik pekppp di rumah sakit umum daerah rsud cempaka putih pada selasaasisten perintah aspem sekretariat kota sekkot administrasi jakarta pusat denny ramdany kata giat ini rupa nilai cara mandiri yang laksana jajarannyapelayanan prima ini rupa layan tinggi arti rsud cempaka putih dapat tahan layan yang baik kepada para unjung maupun pasien kata denny saat konfirmasi di jakartapada giat rupa tahun belum kata denny rsud cempaka putih catat nilai layan prima a dari menteri pendayagunaan aparatur negara dan reformasi birokrasi panrb dan jabat pj gubernur dki jakarta heru budi hartonobaca jugaki dki koordinasi dengan rsud kait buka informasitim yang laku nilai asal dari tingkat kota dan suku dinas sehat jakarta pusat adapun seluruh unsur yang tetap menteri panrb bagai rujuk nilai hadap rsud cempaka putih sudah terpenuhiselain itu meski sudah dapat predikat prima deny aku masih ada rekomendasi dari tim yang harus benah sehingga ke depan predikat layan akan makin bagus dan jadi contoh bagi rsud lain di jakarta pusatsaya harap ini bukan hanya soal lomba atau nilai lebih dari itu kita lihat serius dari rsud cempaka putih beri layan yang baik kepada masyarakat karena dasar nilai itu indeks puas dari masyarakat kata denydirektur rumah sehat jakarta rsud cempaka putih selvy devita anggraini tutur inovasi dalam nilai tahun ini fokus dalam layan hadap disabilitasbaca jugakepulauan ribu tingkat sarana rsudselain fasilitas disabilitas dengan ubin alur pejal kaki rsud cempaka putih juga telah milik lift lengkap kaca untuk pasien tuna rungu yang pertama di dki jakartalayanan inovasi bagi disabilitas ini masuk resep obat bagi disabilitas tuna netra mereka guna metode staples tanda untuk beri informasi agar mudah pola konsumsi obat sesuai anjurankami juga milik unggul banding rsud lain di jakarta yaitu hospitality mulai pertama masuk hingga di bagi farmasi semua layan dengan penuh ramah kata selvypewarta siti nurhalizaeditor sri muryonocopyright antara,XX
4/8/2024,Berita Aceh,ini penceramah tarawih pada malam terakhir ramadhan di islamic center lhokseumawe,lapor saiful bahri lhokseumawe serambinewscom lhokseumawe urus masjid agung islamic center lhokseumawe pasti tiap hari terus gelar aji kuliah subuh dan ceramah jelang shalat tarawih lama bulan ramadhan tahun ini sesuai data dari panitia ramadhan masjid agung islamic center lhokseumawe sebut yang akan isi ceramah tarawih pada senin malam atau malam ke ramadhan yang mungkin jadi malam akhir ramadhan tahun ini adalah tgk h nasir yunus ssosi untuk imam shalat tarawih tgk abdul halim lc mm dan bilal tarawih tgk amri razali sedang saat iktikaf pada selasa dini hari nanti tindak bagai imam tasbih adalah tgk abdul halim lc mm muhasabah oleh tgk fajri syahbuddin spd serta pimpin zikir juga oleh tgk mukhtaruddin kr mpd untuk aji bada shalat zuhur pada selasa besok akan isi oleh tgk badruddin ilyas dengan materi shirah nabawiyah,XX
4/7/2024,Berita Aceh,singkil dan singkil utara pusat perkantoran pemerintahan aceh singkil,lapor dede rosadi i aceh singkil serambinewscom singkil pusat kantor perintah di kabupaten aceh singkil panjang dari camat singkil hingga camat singkil utara walau singkil rupa ibu kota kabupaten aceh singkil namun nyata tidak semua kantor perintah ada di singkil lain bagi ada di camat singkil utara bahkan kantor muspida mayoritas ada di singkil utara bagai ibu kota di singkil lokasi kantor bupati ada namun kantor dprk kodim polres jaksa adil dan mahkamah syariyah ada di singkil utara ada kantor di singkil utara boleh jadi jadi alas pintu gerbang masuk kota singkil ada di camat singkil utara memang dulunya singkil utara masuk dalam wilayah camat singkil akan tetapi kantor bangun telah singkil utara jadi camat iring jalan dengan mekar aceh singkil dari aceh selatan tahun sebar kantor maka saran ketika urus ke kantor perintah jangan buruburu ke singkil baik pasti alamat kantor yang tuju janganjangan ada di singkil utara ikut daftar kantor di singkil dan singkil utara singkil kantor bupati kantor dinas sehat kantor menteri agama kantor kantor mpu kantor dinas didik dan budaya kantor dinas lingkung hidup kantor inspektorat kantor dinas daya masyarakat dan kompong kantor bkpsdm kantor badan pusat statistik kantor dinas tanam modal dan izin kantor satu polisi pamong praja dan wilayatul hisbah kantor bappeda kantor kesbangpol kantor bpbd kantor dinas duduk dan penatatan sipil kantor pertanahanbpn kantor dinas tanah kantor dinas kominfo kantor dinas syariat islam kantor maa kantor dinas daya perempuan dan lindung anak kantor dinas uang kantor disperindagkop dan ukm kantor samsat singkil utara kantor polres kantor dprk kantor dinas hubung kantor dinas pangan kantor majelis didik kabupaten kantor dinas tanam pangan holtikultura dan terna kantor dinas kebun kantor jaksa negeri kantor adil negeri kantor mahkamah syariyah kantor dinas ikan kantor dinas pariwisata pemuda dan olahraga kantor baitul mal kantor dinas sosial kantor dinas trans migrasi dan tenaga kerja kantor kodim aceh singkil rumah tahan negara,Z3
6/29/2024,Berita Aceh,"waled nu khawatir santri pun bisa terjerumus judi online saat di luar dayah, begini sarannya",pimpin dayah ummul ayman dan stis samalanga bireuen yang juga ulama kharismatik aceh tgk h nuruzzahri atau lebih kenal waled nu sampai hal ini jumat lapor yusmandin idris i bireuen serambinewscom bireuen judi online sudah rasuk ke manamana dan makin khawatir maka tindak polisi tangkap warga yang main judi online dapat apresiasi pasal jika biar dan tanpa ada kompak bagai kalang berantas judi online maka akan sangat bahaya pimpin dayah ummul ayman dan stis samalanga bireuen yang juga ulama kharismatik aceh tgk h nuruzzahri atau lebih kenal waled nu sampai hal ini kepada kepada serambinewscom jumat barubaru ini kata sudah banyak main judi online tangkap masuk orang di bireuen yang juluk kota santri malu ini banyak main judi online di bireuen sudah aman dan mungkin masih banyak yang belum tangkap dan mohonaparat tegak hukum dan lain samasama berantas judi online maupun bentuk judi lain ujar tambah para pimpin dayahpesantren sangat khawatir tentang para santri karena masingmasing santri sudah pegang hp baca juga dekan febi iain langsa warning mahasiswa dan dosen ingat bahaya judi online cegah marak judi online saran waled nu aparat tegak hukum harus makin gencar laku patroli saat patroli temu ada remaja duduk dua tiga duduk tengah malam dengan bijaksana mereka juga harus periksa hpnya siapa tahu mereka sedang main judi online kami para pimpin dayah khawatir saat di dayah pantau aktivitas mereka dan selalu ingat saat pulang ke rumah atau tempat lain karena libur kami khawatir mereka jerumus ujar waled nu saran berantas judi online hendak semua libat mulai dari dua orang tua masyarakat perangkat desa maupun bagai elemen lain masuk perintah daerah dan aparat tegak hukum para khatib atau dakwah hendak suara bagai hal berantas judi online dalam kutbah atau ceramah maupun temu aji baca juga pria muslim wajib tahu simak doa dan tata cara ikut supaya mandi junub sah dan sempurna dengan langkah sama mudahmudahan masyarakat atau para remaja yang libat judi online henti buat larang agama dan hukum ini ujar,XX
6/13/2024,Berita Aceh,"jelang idul adha, penjualan kue lebaran di idi aceh timur sepi, pedagang musiman terancam rugi",rita orang jual kue musim lebaran di pasar idi rayeuk aceh timur ini hanya bisa tunduk lesu karena tak ada beli yang bisa layan lapor maulid alfata aceh timur serambinewscom idi deret lapak dagang kue musim lebaran susun di jalan jenderal sudirman pasar idi rayeuk aceh timur amat serambinewscom kamis tiap lapak lihat sepi dari para beli padahal idul adha tinggal hitung hari rita orang jual kue musim lebaran di pasar idi rayeuk aceh timur ini hanya bisa tunduk lesu karena tak ada beli yang bisa layan tanya serambinewscom ibu rumah tangga ini aku sudah empat hari jual di lokasi mulai pukul wib hingga pukul wib namun kata dalam empat hari itu omzet jual sebut rp juta pun tak sampai ini sudah empat hari saya jual belum sampai satu juta rupiah pun yang laku ungkap rita sambil tata dagang baca juga daftar cpns dan pppk segera buka siap diri anda dari sekarang rita kira lemah daya beli warga karena memang dapat saat ini juga sulit selain memang aku minat warga beli kue untuk idul adha tak setinggi seperti untuk siap idul fitri bukti kata rita saat jelang idul fitri hijriah lalu omzet jual capai rp juta hingga rp juta adapun kue lebaran yang jual rita kali ini yaitu kacang arab per kilo rp ribu nastar rp ribu per kilogram rita harap hasil jual dua hari ke depan bisa tingkat atau habis jual jika tidak paksa diri tanggung rugi besar banyak barang dagang yang saya ambil dari medan dan beberapa lain saya produksi sendiri ungkap,XX
5/21/2024,Berita Aceh,"kasus kematian warga lokop aceh timur, anggota dpr ta khalid desak penyelidikan secara transparan",lapor maulid aceh timurserambinewscom idi anggota dpr ri asal aceh ir h ta khalid mm minta jangan ada rekayasa dalam mati salah satu warga lokop serbajadi aceh timur kita harus pasti tidak ada rekayasa dan manipulasi dalam insiden tragis ini saya desak aparat aman untuk selidik kasus ini cara seluruh dan buka karena ini adalah masalah manusia kata ta khalid dalam wawancara dengan serambinewscom selasa ia tegas bahwa jika dapat indikasi langgar hukum masuk libat korban dalam kasus narkoba proses hukum yang sah harus ikut tanpa kecuali tetapi tukas tidak langgar atur dan langgar hak asasi manusia ham bagai negara yang landas hukum kita harus tegak adil lalu prosedur hukum yang laku tidak boleh ada rekayasa fakta atau langgar hak asasi manusia imbuh ta khalid ungkap curiga hadap mungkin ada manipulasi dalam mati korban yang jadi telah kejar pada sabtu dini hari di mana korban dan orang rekan duga bawa ganja lewat kompi lokop di tikung lengkok dusun cane desa rampah camat serbajadi kabupaten aceh timur dia juga nyata prihatin atas kurang informasi resmi kena tangkap sebut jadi ini baru ungkap ke publik telah keluarga korban nyata ingin untuk lapor kasus itu ke polres aceh timur pada senin mei keluarga korban yang pimpin oleh sang ayah salat ibrahim telah suara berat mereka hadap klaim pihak tni bahwa korban jatuh dari jembatan lama kejar mereka tunjuk luka memar pada mata pipi dan dada korban yang mereka duga bagai akibat dari keras ia juga seru selesai kasus ini dengan cara yang buka dan seluruh sehingga adil dapat tegak sepenuh saya desak denpom panglima tni dan polisi untuk usut kasus ini hingga ke akarakarnya siapa pun yang libat harus tanggung jawab di depan hukum tegas anggota komisi iv dpr ri ini,XX
4/18/2024,Berita Aceh,"persiapan pora 2026, dprk aceh jaya koordinasi dengan kadispora aceh",banda aceh acehportalcom pimpin dewan wakil rakyat kabupaten dprk aceh jaya laku temu koordinasi dengan kepala dinas pemuda dan olahraga kadispora aceh m nasir syamaun mpa kait cepat siap laksana pekan olahraga aceh pora xv yang akan laksana dua tahun datang yaitu pada pada temu di gedung spora aceh rabu april wakil ketua i dprk aceh irwanto np sampai lapor persiapanpersiapan yang telah laku kabupaten aceh jaya dan minta masukanmasukan agar proses siap dapat jalan cepat dan tepat sasar kami di daerah sangat harap penuh dukung untuk segera rencana dan cepat apa yang harus kami laku misal apaapa saja yang harus bangun dan persiapanpersiapan lain kata irwanto turut hadir juga wakil ketua ii dprk aceh jaya teuku asrizal irwanto juga tambah pihak akan terus pro aktif untuk koordinasi dengan perintah aceh dpra dan pihakpihak lain untuk matang siap sehingga pora xv tahun dapat laksana dengan sukses baik dari sisi sedia venuevenue dan dari sisi selenggara jauh ini perintah aceh jaya telah selesai beberapa detail engineering design ded atau rencana bangun venue di tahun juga akan mulai bangun gedung olah raga gor yang sumber dari dana otonomi khusus aceh doka kita juga akan buat ded lagi untuk beberapa venue cabang olahraga untuk kita kirim ke perintah aceh kata irwanto bebas lahan tempat rencana bangun venue sudah laku semua untuk panitia inti juga sudah bentuk tuai langsung oleh sekda aceh jaya tambah selain dengan spora aceh dprk aceh juga sudah sudah laku koordinasi dengan dpra dan koni aceh wakil masyarakat aceh jaya irwanto kata pihak tekad agar pora aceh jaya dapat selenggara sempurna dan jadi contoh bagi selenggara pora pada masamasa ikut tanggap temu dengan dprk aceh jaya kadispora aceh m nasir syamaun mpa nyata siap pora memang jadi perhati perintah aceh yang perlu rancang baik mungkin ia kata akan kata lapor hasil temu sebut kepada pj gubernur aceh bustami hamzah dan koordinasi ke bappeda aceh kita akan usul rencana bangun siap pora aceh jaya kepada pj gubernur aceh jika tahun mulai akan lebih baik namun demikian juga harus sesuai dengan kondisi uang aceh kata m nasir yang damping sekretaris dinas sekdis t banta nuzul spd editor redaksi rubrik olahraga pora koni aceh jaya,Z3
6/9/2024,Berita Aceh,disdik salurkan tpg dan gaji 13,proses salur tpg ini cakup lima berkas dengan anggar total besar rp miliar namun masih dapat guru yang telah milik sktp tetapi belum lengkap administrasi yang perlu marthunis kadisdik aceh serambinewscom banda aceh dinas didik disdik aceh umum telah salur tunjang profesi guru tpg triwulan i januari maret besar rp dan gaji ke rp untuk guru sma smk dan slb di seluruh aceh umum sebut sampai langsung oleh kepala dinas didik aceh marthunis st dea pada jumat marthunis jelas tunjang profesi guru atau yang lebih kenal dengan tunjang sertifikasi telah beri kepada guru yang telah milik surat putus tunjang profesi sktp selain itu dapat guru yang terima carry over tunjang profesi total terima tpg yang telah penuh syarat administrasi hingga batas waktu yang tentu pada juni capai orang tambah orang terima carry over dengan total orang proses salur tpg ini cakup lima berkas atau lima spm surat perintah bayar dengan anggar total besar rp namun masih dapat guru yang telah milik sktp tetapi belum lengkap administrasi yang perlu kata marthunis imbau mereka agar mereka segera lengkap agar tunjang dapat segera salur kata dinas didik aceh sama badan kelola uang aceh bpka telah koordinasi lintas sektoral masuk konsultasi dengan direktorat jenderal imbang uang menteri uang untuk laku cepat salur ini dokumen administrasi yang sudah lengkap telah kirim ke bpka pada juni kemarin namun ada beberapa kabupaten yang sudah milik sk tetapi belum serah berkas hingga batas waktu yang tentu yaitu juni jelas daftar kabupaten sebut antara lain aceh barat aceh barat daya aceh besar aceh jaya aceh selatan aceh tamiang aceh tengah aceh tenggara aceh utara bener riah bireuen nagan raya pidie pidie jaya simeulue kota banda aceh dan kota lhokseumawe dinas didik aceh harap salur tpg dan gaji ke ini dapat tingkat sejahtera guru dan motivasi mereka untuk terus beri yang baik dalam didik generasi muda acehmun gaji tambah persen target cair juli dalam sempat itu marthunis juga sampai bahwa naik gaji besar persen target akan cair pada juli salur ini juga masuk bayar rapel kurang gaji belum turut marthunis lambat ini sebab oleh beberapa faktor utama banyak guru yang belum baru data kait status mereka seperti naik pangkat pindah dan ubah status lain akibat beberapa guru yang belum lapor baru data ini proses salur gaji tunda dan ikut hambat guruguru lain yang data sudah lengkap jelas marthunis dinas didik aceh sama cabang dinas di tiap kabupaten dan kota terus kerja keras untuk baru datadata guru yang belum lengkap kami laku koordinasi intensif dengan semua pihak kait untuk pasti bahwa data yang perlu segera baru dan verifikasi tambah marthunis tegas bahwa target salur naik gaji besar persen ini akan capai pada juli target kami insyaallah pada juli ini sudah bisa salur kata marthunis optimis dinas didik aceh harap salur naik gaji ini dapat beri dampak positif bagi sejahtera guru di aceh kami komitmen untuk terus tingkat layan dan sejahtera para guru karena mereka adalah ujung tombak dalam cerdas generasi muda tutup marthunismun,Z5
4/29/2024,Berita Aceh,"hiace hantam tronton, sopir dan 5 penumpang angkutan umum itu terluka, ini identitas mereka",kapolres aceh tamiang akbp muhammad yanis sebut dua kendara yang libat celaka truk bl ak dan hiace bl wf rusak parah lapor rahmad wiguna aceh tamiang serambinewscom kualasimpang enam orang luka dalam insiden celaka lalu lintas yang libat hiace dengan truk tronton di jalan lintas medan banda aceh kampung seumantoh karangbaru aceh tamiang celaka itu jadi senin dini hari para korban yang luka itu rupa kemudi hiace suhardi serta lima tumpang ekawati irma raja valdi dan puteh sementara awak truk pasti selamat kapolres aceh tamiang akbp muhammad yanis sebut dua kendara yang libat celaka truk bl ak dan hiace bl wf rusak parah rusa hiace jadi pada bagi depan sedang truk rusak berat pada bagi tengah samping kanan dasar terang awal celaka ini jadi ketika truk dari arah langsa laju dalam cepat sedang balik hiace laju dari medan ke arah langsa baca juga kait ganti anggota pansel panwaslih aliansi pemuda dan mahasiswa surati bkd dprk bireuen duga awal sopir hiace hilang kendali akibat pacu kendara dalam cepat tinggi di jalan tikung mobil hiace tibatiba lebar ke kanan lewat garis tengah sehingga tabrak samping kanan truk tangki dari arah lawan kata yanis senin jauh ini polisi masih dalam sebab celaka ini dengan kumpul terang saksi untuk perlu lidi toyota hiace sudah evakuasi ke satlantas polres aceh tamiang sedang truk hingga senin siang masih ada di tempat jadi perkara dalam sempat itu yanis ingat agar kemudi utama selamat tumpang dengan perhati cepat kendara kasus masih proses kalau temu lalai akan proses sesuai hukum tegas yanis baca juga personel polres pijay evakuasi korban tinggal dunia cium bau curiga,XX
6/13/2024,Berita Aceh,"angka laka lantas di kota banda aceh meningkat, dua pekan tiga orang meninggal dunia di jalan",banda aceh acehportalcom dalam kurun waktu dua pekan di bulan juni ini satlantas polresta banda aceh tangan tiga kasus celaka yang sebab tinggal dunia hal ini kata oleh kapolresta banda aceh kombes pol fahmi irwan ramli lalu kasatlantas kompol sukirno kepada awak media kamis dalam dua pekan ini unit laka satlantas polresta banda aceh sudah tangan tiga kasus mati akibat jadi celaka lalu lintas jalan raya ungkap sukirno merincikan jadi pertama jadi di jalan teuku umar sabtu yang sebab tinggal mul juru parkir akibat tabrak oleh sepeda motor kemudian lanjut ny tinggal dunia saat sedang seberang jalan di jalan mr mohd hasan batoh minggu pagi tiga sambung sukirno laka lantas yang sebab sy tinggal dunia kendara sepeda motor yamaha r di jalan sultan iskandar muda punge jurong banda aceh kamis pagi ia jelas bahwa celaka yang jadi tadi pagi turut terang dari para saksi saksi di sekitar tkp awal dari sepeda motor yamaha r yang kendara korban dengan cepat tinggi tabrak bagi belakang motor honda beat bl ju milik aulia abdillah yang sedang laju tuju ke pusat kota sehingga jatuh dan kena trotoar tengah jalan sehingga sy tinggal dunia di lokasi dengan demikian dalam dua pekan bulan juni korban laka lantas tinggal dunia sudah capai tiga orang akibat sepeda motor tutur kasatlantas sukirno harap agar bagi kendara kenderaan lebih hati hati dalam kemudi jangan lalai yang akan akibat jadi celaka kami juga pesan kepada warga yang lintas dengan jalan kaki untuk perhati lintas kenderaan supaya tidak jadi ada hal yang tidak ingin pungkas rubrik hukum laka lantas di banda aceh,XX
6/4/2024,Berita Aceh,"pan aceh rekomendasi said mulyadi, jadi bakal calon bupati pijay",pada inti kami komitmen maju dalam pilkada serentak ini dasar komitmen dalam bangun pijay lapor idris ismail i pidie jaya serambinewscom meureudu dewan pimpin daerah dpd partai amanat nasional pan aceh rekomendasi pasang calon bupati pidie jaya dr h said mulyadi se msi sama saiful anwar sh senin petang yang pusat di rumoh pan aceh di banda aceh restu atau rekomendasi itu langsung hadir ketua dpd pan aceh mawardi ali sama sekretaris irfan nusir sag syukur alhamdulillah kami dapat rekomendasi dpd pan aceh sebut said mulyadi se msi kepada serambinewscom selasa turut mantan bupati pijay itu bahwa ini rupa tahap awal dan juga harap agar pihak dewan pimpin pusat dpp dapat beri yang baik atau rekomendasi untuk lang tahap ikut tentu ini telah laku monitoring internal maupun survey elektabilitas yang di laksana oleh lembaga kredibel yang kerja sama dengan parpol pan pada inti kami komitmen maju dalam pilkada serentak ini dasar komitmen dalam bangun pijay untuk jauh lebih baik kami tetap solid panjang masyarakat dan parpol dukung sepenuh ujar,Z1
6/16/2024,Berita Aceh,"pj bupati aceh timur keluarkan surat edaran, larang takbir keliling dengan kendaraan",lapor maulid alfata aceh timur serambinewscom idi jabat pj bupati aceh timur keluar surat edar tentang larang takbir keliling guna kendara larang itu tulis dalam surat edar dengan nomor tanggal juni selain larang takbir keliling surat edar itu juga cantum beberapa poin lain yakni giat takbir laksana di masjidmasjid dalam wilayah camat masingmasing laksana shalat id idul adha laksana di masjid gampong masingmasing dengan tema qurban bagai wujud iman dan ketaqwaan kepada allah swt serta laksana sembelih qurban laksana cara biasa tulis surat sebut surat edar itu juga ditandatangani oleh pj bupati aceh timur dengan tembus ke seluruh forkopimda,XX
4/23/2024,Berita Aceh,"siap-siap! pijay segera miliki kawasan bebas asap rokok, pj bupati pijay ajukan 2 raqan ke dewan",lapor idris ismail i pidie jaya serambinewscom meureudu pj bupati pidie jaya pijay atas nama perintah kabupaten pemkab aju dua rancang qanun raqan ke dewan wakil rakyat kabupaten dprk tempat selasa dalam sidang paripurna i masa sidang i tahun sidang paripurna i masa sidang i itu buka oleh wakil ketua dprk hasan basri st mt dengan turut hadir dua pimpin lain a kadir jailani dan syahrul nurfa sh selain itu juga hadir pj bupati pijay ir h jailani beuramat sekda bahron bakti st mt serta unsur forkopimda tempat ada pun dua raqan yang aju itu upa raqan tentang selenggara dayah dan raqan tentang kawasan tanpa rokok ktr satu di antara raqan yang aju itu yaitu raqan tentang selenggara dayah rupa inisiatif pihak legislatif atau dari pihak dewan sebut pj bupati pijay ir h jailani beuramat kepada serambinewscom selasa jelas dia inisiatif pihak legislatif itu jadi satu terobos baru agar dapat bahas cara bersamasama agar dapat tuju bagai produk hukum daerah dengan asas bebas sehingga saat terap di tengah publik akan lebih sempurna ulas pj bupati pijay utama dalam selenggara tugastugas perintah dan bangun lanjut di pijay cinta ini lanjut demikian juga usul raqan tentang kawasan tanpa rokok juga dapat bahas cara tepat sehingga nanti juga dapat tentu kawasan bebas dari polusi asap rokok dengan terap dua raqan bagai produk hukum dapat wujud absah atas legalitas bagi marwah kabupaten tentu semua itikad baik sebut sematamata dalam tuju pijay yang martabat taat hukum serta milik pasti pasti hukum ungkap,Z3
